city,lat,alt,avgTemp,avgPressure,precipitation,maxHumidity,minHumidity,utc
"TOKYO,Japan",0.198274931,-0.491393331,-0.252776009,-0.552462221,0.155804329,0.669677419,0.248709677,9
"JAKARTA,Indonesia",-0.034302584,-0.538643387,1.618337687,-1.415321636,-0.483092018,0.943666667,0.583333333,7
"NewYork(NY),UnitedStates",0.226182132,-0.546076471,-0.532600998,-0.605054196,3.466365067,0.807096774,0.443225807,-5
"SEOUL,SouthKorea",0.208702972,-0.481493517,-0.949747508,0.854533673,-0.472315454,0.587741936,0.235806452,9
"MANILA,Philippines",0.081108402,-0.551054804,1.550540583,-1.29447121,-0.43690674,0.79483871,0.50516129,8
"Mumbai(Bombay),India",0.105977687,-0.556271273,1.159303793,-0.948071042,-0.483092018,0.77,0.234193548,5.5
"SaoPaulo,Brazil",-0.130836222,1.003837467,1.198168375,-0.727304378,-0.483092018,0.874516129,0.534193548,-2
"MEXICOCITY,Mexico",0.107958932,3.997470668,0.40792188,0.364289283,-0.453841342,0.693548387,0.22,-6
"Delhi,India",0.159466996,-0.121039522,0.496014932,-0.469170926,-0.483092018,0.973225807,0.404516129,5.5
"Osaka,Japan",0.192742988,-0.55996942,-0.247594065,-0.138045764,-0.483092018,0.795483871,0.419032258,9
"CAIRO,Egypt",0.166913442,-0.512698417,0.369057299,0.187805362,-0.418432629,0.770645161,0.323225807,2
"Kolkata(Calcutta),India",0.125403589,-0.538881796,0.838023251,-0.800345909,-0.473854963,0.939032258,0.362258065,5.5
"LosAngeles(CA),UnitedStates",0.189179079,-0.389638963,0.431240629,-0.251787586,0.756212945,0.866129032,0.427096774,-8
"Shanghai,China",0.173502311,-0.534402167,-0.3279142,1.074006854,-0.483092018,0.887419355,0.520967742,8
"MOSCOW,Russia",0.309754589,-0.25668975,-1.581944704,-1.275215805,-0.483092018,0.933870968,0.759354839,3
"BEIJING(PEKING),China",0.221690061,-0.461315074,-1.133706528,1.563803322,-0.481552509,0.690645161,0.125806452,8
"BUENOSAIRES,Argentina",-0.192242691,-0.507900384,1.299216288,-1.196054216,-0.035094821,0.780645161,0.390967742,-3
"Guangzhou,China",0.128495056,-0.529588718,0.413103824,0.170589823,2.917683963,0.93516129,0.589677419,8
"Shenzhen,China",0.125239422,-0.566368738,0.511560765,0.075755125,1.761512499,0.901935484,0.611935484,8
"Istanbul,Turkey",0.227823542,-0.486483149,-0.252776009,-0.302439028,0.609959565,0.89483871,0.491612903,2
"RiodeJaneiro,Brazil",-0.127260259,-0.500122982,1.444310726,-1.348705103,0.973283752,0.946774194,0.570967742,-2
"PARIS,France",0.271425633,-0.500848609,-0.31495934,-0.985586984,0.135790709,0.971290323,0.656774194,1
"Karachi,Pakistan",0.138119234,-0.547234027,0.975776602,-0.675802902,-0.483092018,0.62,0.36,5
"Nagoya,Japan",0.19545248,-0.537505518,-0.286223104,-0.522108868,-0.483092018,0.886818182,0.515454546,
"Chicago(IL),UnitedStates",0.232656187,-0.19582657,-0.926428759,-0.391104,-0.229072988,0.764193548,0.464516129,-6
"Lagos,Nigeria",0.036246552,-0.543739687,1.545358639,-1.106841989,0.779305584,0.911612903,0.351935484,1
"LONDON,UnitedKingdom",0.286151949,-0.551133254,-0.283867674,-1.864175805,0.271267525,0.958387097,0.606129032,0
"BANGKOK,Thailand",0.076424061,-0.550994885,1.454674615,-1.075197158,0.309755257,0.930322581,0.402580645,7
"KINSHASA,DemRepofCongo",-0.024677395,0.315699518,1.457265587,-1.190382078,1.727643296,0.947419355,0.526451613,1
"TEHRAN,Iran",0.198273319,1.824446168,-0.177637818,-0.308359959,-0.0982147,0.676774194,0.192903226,3.5
"LIMA,Peru",-0.066924295,-0.284182296,1.239623929,-1.107040962,-0.483092018,0.838709677,0.559032258,-5
"Dongguan,China",0.127892628,-0.554849054,0.511560765,0.075755125,1.761512499,0.901935484,0.611935484,8
"BOGOTA,Colombia",0.026172159,4.662612972,0.392376048,1.083360929,-0.393800481,0.97516129,0.308709677,-5
"Chennai(Madras),India",0.072681557,-0.548484463,1.306989204,-1.011410216,-0.483092018,0.882580645,0.411935484,5.5
"DHAKA,Bangladesh",0.132279622,-0.534689017,0.815136331,-0.735160753,-0.435367231,0.812,0.338,6
"Essen,Germany",0.285864684,-0.401906897,-0.371960726,-1.344973499,-0.132083904,0.933548387,0.69483871,1
"Tianjin(Tientsin),China",0.217134211,-0.55816003,-1.071523198,1.512654446,-0.483092018,0.74,0.308709677,8
"HONGKONG,China-HongKong",0.1244246,0.089968185,0.511560765,0.075755125,1.761512499,0.901935484,0.611935484,8
"Taipei,Taiwan(ChinaROC)",0.139072052,-0.545619422,0.5918809,0.220196422,-0.483092018,0.880967742,0.681290323,8
"Lahore,Pakistan",0.175303367,-0.125740728,0.283555219,-0.323087711,-0.070503534,0.857741936,0.517419355,5
"HoChiMinhCity(Saigon),VietNam",0.060128327,-0.557845916,1.630860719,-1.234167233,-0.483092018,0.79516129,0.423225807,7
"Bangalore,India",0.072064437,1.299407258,0.993481578,-0.350951117,-0.483092018,0.919677419,0.329677419,5.5
"Hyderabad,India",0.096583578,0.466246345,1.182622542,-0.508677067,-0.43690674,0.759032258,0.223870968,5.5
"Johannesburg,SouthAfrica",-0.145578349,3.02573109,1.141166989,0.308413472,-0.483092018,0.793225807,0.334516129,2
"BAGHDAD,Iraq",0.185071143,-0.488130781,0.117733004,0.143074852,-0.483092018,0.820645161,0.387741936,3
"Toronto,Canada",0.242517922,-0.379657169,-0.905700982,-0.857117256,0.863978594,0.846451613,0.504516129,-5
"SANTIAGO,Chile",-0.185827165,0.546743599,1.011618383,-0.936129538,-0.406116555,0.771612903,0.258387097,-3
"KUALALUMPUR,Malaysia",0.017438906,-0.46042519,1.594587109,-1.40726783,2.882275249,0.926451613,0.476451613,8
"SanFrancisco(CA),UnitedStates",0.209860719,-0.535589539,0.211007999,-0.211982984,1.698700521,0.902258065,0.689677419,-8
"Philadelphia(PA),UnitedStates",0.221958799,-0.538110336,-0.615512105,-0.475688933,0.545300175,0.736451613,0.380322581,-5
"Wuhan,China",0.169961661,-0.5361294,-0.41341628,1.173020924,-0.073582552,0.96,0.546774194,8
"Miami(FL),UnitedStates",0.143120443,-0.566341904,0.863932973,-0.435884331,2.47723036,0.882903226,0.56,-5
"Dallas(TX),UnitedStates",0.182092579,-0.285784655,-0.066226017,-0.07266657,-0.174266459,0.824193548,0.42,-6
"MADRID,Spain",0.224537641,0.758540005,-0.092135738,0.309856416,-0.347615202,0.966451613,0.636451613,1
"Ahmedabad,India",0.127902806,-0.464282685,0.939071164,-0.70725277,-0.483092018,0.811935484,0.203548387,5.5
"Boston(MA),United States",0.235333792,-0.546051362,-0.693241269,-0.948369502,0.795470432,0.763548387,0.438064516,-5
"BeloHorizonte,Brazil",-0.110691677,1.195572726,1.2888524,-0.565697363,-0.483092018,0.891612903,0.57483871,-2
"KHARTOUM,Sudan",0.086114747,0.22143759,1.009474131,-0.565434841,-0.483092018,0.332413793,0.133448276,3
"SaintPetersburg(Leningrad),Russia",0.332968223,-0.531999613,-1.695947477,-1.395873735,0.11115856,0.925806452,0.727741936,3
"Shenyang,China",0.232253883,-0.463245336,-1.714084282,1.40448512,-0.470775944,0.638387097,0.196129032,8
"Houston(TX),UnitedStates",0.165335704,-0.537618083,0.304282995,-0.251787586,0.642905063,0.859032258,0.429032258,-6
"Pune,India",0.102891279,0.578862003,0.895024638,-0.784473827,-0.483092018,0.891612903,0.177419355,5.5
"RIYADH,SaudiArabia",0.137297509,0.736996239,0.437631694,0.185208062,-0.483092018,0.651666667,0.202333333,3
"SINGAPORE,Singapore",0.007511572,-0.449062798,1.617905858,-1.390251264,-0.483092018,0.903870968,0.572580645,8
"WASHINGTON(DC),UnitedStates",0.216151068,-0.52236178,-0.581829468,-0.341348094,0.560849219,0.800967742,0.442580645,-5
"Yangon,Myanmar",0.093700386,-0.549023964,1.213714208,-0.966132451,-0.483092018,0.919032258,0.327096774,6.5
"Milan(Milano),Italy",0.252585677,-0.316972971,-0.418598224,-0.502009753,-0.33222011,0.932903226,0.521290323,1
"Atlanta(GA),UnitedStates",0.187494419,0.087774559,-0.245003093,-0.142324777,1.526583385,0.780967742,0.437096774,-5
"Chongqing,China",0.164238944,-0.080619578,-0.128409348,0.52276177,-0.038173839,0.906451613,0.608709677,8
"Alexandria,Egypt",0.173333847,-0.548480868,0.343147577,-0.008879628,0.072670829,0.851290323,0.425483871,2
"Nanjing(Nanking),China",0.178112528,-0.541224677,-0.480781555,1.236608892,0.298978691,0.954193548,0.451935484,8
"Guadalajara,Mexico",0.114776104,2.619160215,0.423467713,-0.075403152,-0.483092018,0.842258065,0.188064516,-6
"Barcelona,Spain",0.229917022,-0.547182919,0.229144804,-0.082020645,0.094223958,0.841612903,0.386129032,1
"Chengdu,China",0.169848978,0.425499763,-0.136182264,0.499326684,-0.483092018,0.925483871,0.544193548,8
"Detroit(MI),UnitedStates",0.235174594,-0.194156391,-0.929019731,-0.674712403,-0.111608431,0.843870968,0.570967742,-5
"ANKARA,Turkey",0.221852019,1.26787078,-0.933165287,0.683516284,-0.449403933,0.959333333,0.605333333,2
"Abidjan,CíÇted_Ivoire",0.029777509,-0.45736372,1.506494057,-1.269643155,-0.059726969,0.959032258,0.473870968,0
"ATHENS,Greece",0.211021164,-0.42192937,0.133278836,-0.35428462,-0.327601582,0.779677419,0.45483871,2
"BERLIN,Germany",0.291777814,-0.493458118,-0.747651683,-1.120126796,-0.372247351,0.929677419,0.713548387,1
"Sydney,Australia",-0.188160109,-0.517200461,1.1308031,-1.003698059,1.755354463,0.917096774,0.425483871,11
"Monterrey,Mexico",0.142703412,0.542369093,0.493855789,-0.311917577,-0.483092018,0.691666667,0.231666667,
"Phoenix(AZ),UnitedStates",0.185824317,0.111289277,0.348329522,-0.430908756,0.029102716,0.696774194,0.277096774,-7
"Busan(Pusan),SouthKorea",0.195441968,-0.5248561,-0.58442044,0.440465497,-0.483092018,0.758064516,0.431612903,9
"Recife,Brazil",-0.044708679,-0.550835986,1.470220448,-1.16913632,0.19583157,0.890645161,0.576451613,-3
"Bandung,Indonesia",-0.038430355,0.864404719,1.270283766,-0.68248672,0.113467824,0.919166667,0.53,7
"PortoAlegre,Brazil",-0.166859151,-0.528908028,1.345853786,-1.309995011,0.121935125,0.917741936,0.397419355,-2
"Melbourne,Australia",-0.210075709,-0.512431516,0.931298248,-0.937075048,-0.024318255,0.893225807,0.310967742,11
"LUANDA,Angola",-0.049111042,-0.403359932,1.581632249,-1.452993363,-0.43690674,0.887096774,0.559354839,1
"Hangzhou(Hangchow),China",0.168189361,-0.527859156,-0.304595451,1.108587086,0.8316489,0.940967742,0.559354839,8
"ALGIERS,Algeria",0.2041876,-0.486962141,0.301692024,0.497336485,-0.067424515,0.968709677,0.464193548,1
"HíæNoi(HANOI),VietNam",0.116820913,-0.53526057,0.651473259,-0.181582124,-0.483092018,0.96483871,0.713225807,7
"Montrí©al,Canada",0.252787161,-0.493939594,-1.190707915,-0.991010327,-0.018160219,0.907419355,0.600322581,-5
"Xi_an(Sian),China",0.190786528,0.22059844,-0.835744735,1.137097234,-0.483092018,0.84483871,0.372903226,8
"PYONGYANG,NorthKorea",0.216884552,-0.557073857,-1.17257111,0.994297855,-0.409195573,0.8,0.386774194,8.5
"Qingdao(Tsingtao),China",0.200372822,-0.554898402,-0.861654456,1.33497622,-0.483092018,0.743548387,0.257741936,8
"Surat,India",0.117612445,-0.538939411,1.1308031,-0.728448708,-0.483092018,0.718387097,0.195483871,5.5
"Fortaleza,Brazil",-0.020732564,-0.508193159,1.454674615,-1.249491906,1.02100854,0.916774194,0.577741936,-3
"Medellí_n,Colombia",0.034690017,2.462174837,1.177440598,-0.014551765,-0.483092018,0.84483871,0.291935484,-5
"Durban,SouthAfrica",-0.165881558,-0.555551452,1.304398232,-0.72038827,1.053338235,0.824193548,0.581290323,2
"Kanpur,India",0.146944017,-0.295381502,,,,,,
"ADDISABABA,Ethiopia",0.049892241,4.129048225,0.682564924,0.697504285,-0.483092018,0.800645161,0.379032258,3
"NAIROBI,Kenya",-0.007178144,2.837726808,0.988299634,0.084064357,-0.483092018,0.922258065,0.488709677,3
"Jeddah(Jiddah),SaudiArabia",0.118252259,-0.534865335,1.187804487,-0.76273048,-0.483092018,0.666451613,0.29483871,3
"Naples(Napoli),Italy",0.226954303,-0.541387865,0.128096892,-0.325476012,-0.483092018,0.877419355,0.477096774,1
"KABUL,Afghanistan",0.191974163,3.100796449,-0.335687117,0.267862488,-0.483092018,0.860645161,0.348387097,4.5
"Salvador,Brazil",-0.072072445,-0.433279822,1.459856559,-1.128933462,0.489877841,0.886129032,0.576451613,-3
"Harbin(Haerbin),China",0.254465417,-0.325839989,-2.364418283,0.777362437,-0.461538889,0.837741936,0.452903226,8
"Kano,Nigeria",0.066678774,0.393518749,0.882069777,-0.178917882,-0.483092018,0.379090909,0.119090909,1
"Casablanca(Dar-el-Beida),Morocco",0.18651728,-0.472942703,0.553016319,0.573960466,-0.116688812,0.930322581,0.51,0
"CAPETOWN,SouthAfrica",-0.188471492,-0.539041382,1.180031571,-1.026934017,-0.341457165,0.807096774,0.36516129,2
"Curitiba,Brazil",-0.141271967,1.295620802,1.006436439,-0.542262277,-0.483092018,0.957419355,0.585483871,-2
"Surabaya,Indonesia",-0.040319288,-0.552414061,1.617905858,-1.411994611,1.841566982,0.866774194,0.540967742,7
"SanDiego(CA),UnitedStates",0.1817541,-0.536270967,0.477878128,-0.097544446,1.382177415,0.799354839,0.491290323,-8
"Seattle(WA),UnitedStates",0.264478942,-0.452618591,-0.221684344,-0.86378457,2.140847584,0.971290323,0.676129032,-8
"ROME,Italy",0.232793242,-0.459516336,0.027048979,-0.372196722,-0.483092018,0.919032258,0.586774194,1
"DaresSalaam,Tanzania",-0.0377353,-0.443225932,1.633451691,-1.374876771,1.672220962,0.900967742,0.529677419,3
"Taichung,China",0.134154088,-0.382479502,0.496014932,-0.165063147,-0.483092018,0.971935484,0.741290323,8
"Jaipur,India",0.14951352,0.318892365,0.661837148,-0.416827745,-0.483092018,0.819677419,0.212903226,5.5
"CARACAS,Venezuela",0.058225521,1.242306887,1.292276184,-0.727272296,-0.431958318,0.874285714,0.617857143,-4.5
"DAKAR,Senegal",0.082025023,-0.546424042,1.278488511,-1.009817964,-0.483092018,0.86483871,0.322258065,0
"Kaohsiung,China",0.125294662,-0.556610402,0.84838714,-0.195911775,-0.483092018,0.96,0.646774194,8
"Minneapolis(MN),UnitedStates",0.249876406,-0.045820683,-1.353939158,-0.415981876,-0.36208659,0.859354839,0.650645161,-6
"Lucknow,India",0.149148298,-0.327221002,0.451968406,-0.608238546,-0.282955813,0.989677419,0.432903226,5.5
"AMMAN,Jordan",0.177474259,1.00792857,-0.107681571,-0.046096955,0.563774286,0.896129032,0.469032258,2
"TelAviv-Yafo,Israel",0.178251666,-0.525330051,0.348329522,-0.158644627,-0.483092018,0.838064516,0.530967742,2
"Guayaquil,Ecuador",-0.012061099,-0.495399345,1.446901698,-1.525587126,0.783924112,0.907096774,0.556451613,-5
"KYIV(KIEV),Ukraine",0.280278333,-0.246280493,-1.198480831,-0.814625893,-0.127465377,0.94,0.68483871,2
"Faisalabad(Lyallpur),Pakistan",0.174548412,-0.175004776,,,-0.483092018,,,
"Mashhad,Iran",0.201447013,1.442822646,-0.19318365,-0.227456965,-0.250626119,0.832258065,0.29,3.5
"Izmir,Turkey",0.213465189,-0.544343285,-0.19318365,-0.349806633,1.194973088,0.927419355,0.422580645,2
"Rawalpindi,Pakistan",0.186657744,0.46429976,0.182507306,-0.242284203,0.394428266,0.93516129,0.461935484,5
"TASHKENT,Uzbekistan",0.229441643,0.342248699,-0.188001706,0.171535179,0.537602628,0.90516129,0.358709677,5
"Katowice,Poland",0.279249399,-0.023884739,-0.918655843,-0.873238286,-0.11976783,0.957741936,0.600967742,1
"Changchun,China",0.243428178,-0.120104497,-2.069047462,1.002408114,-0.478473491,0.713870968,0.320967742,8
"Campinas,Brazil",-0.127277129,0.870809406,1.239623929,-0.879706472,-0.483092018,0.920322581,0.500645161,-2
"Daegu(Taegu),SouthKorea",0.199285752,-0.469349064,-0.706196129,0.547689466,-0.298350906,0.665483871,0.286774194,9
"Changsha,China",0.156823383,-0.439409158,-0.239821149,0.948074734,-0.483092018,0.917419355,0.660967742,8
"Nagpur,India",0.117476669,0.06789891,0.94684408,-0.560671967,-0.483092018,0.823870968,0.228387097,5.5
"SanJuan,Philippines",0.081107859,-0.51460516,1.550540583,-1.29447121,-0.43690674,0.79483871,0.50516129,8
"Aleppo,Syria",0.201122804,0.216369697,,,,,,
"LISBON,Portugal",0.215123624,-0.451890465,0.314646884,0.425538771,-0.483092018,0.958064516,0.692580645,0
"FrankfurtamMain,Germany",0.278394012,-0.366688083,-0.475599611,-0.973297199,-0.058187459,0.969677419,0.711935484,1
"Nanchang,China",0.1593494,-0.534940573,-0.188001706,1.039177673,0.696172084,0.815806452,0.563225807,8
"Birmingham,UnitedKingdom",0.291590239,-0.300410972,-0.291640591,-2.21241702,-0.483092018,0.998064516,0.803548387,0
"Tampa(FL),UnitedStates",0.155280972,-0.55497269,0.602244789,-0.276665616,2.176102347,0.923548387,0.520322581,-5
"Medan,Indonesia",0.019973309,-0.520137177,1.490948224,-1.406819908,-0.449222814,0.996774194,0.623870968,7
"Dalian,China",0.216188906,-0.508022147,-1.198480831,1.268402876,-0.463078398,0.741935484,0.254516129,8
"TUNIS,Tunisia",0.204480527,-0.552966882,0.296510079,0.185367241,0.052657208,0.924516129,0.46516129,1
"Shijiazhuang,China",0.21134615,-0.39542433,-1.017112783,1.399260751,-0.483092018,0.790967742,0.317419355,8
"Manchester,UnitedKingdom",0.297115329,-0.446791941,-0.276094758,-2.374969391,-0.483092018,0.954516129,0.762258065,0
"PORT-AU-PRINCE,Haiti",0.103302194,-0.536520953,1.481793457,-0.87930837,-0.483092018,0.8,0.441333333,-5
"DAMASCUS,Syria",0.186187818,0.850462107,-0.190592678,-0.088538652,-0.319904036,0.876451613,0.357741936,2
"Ji_nan,China",0.203617867,-0.265262165,-0.80465307,1.497578413,-0.390721462,0.56,0.252580645,8
"Fukuoka,Japan",0.186613082,-0.550855329,-0.213911427,0.196064774,-0.483092018,0.861935484,0.510967742,9
"SANTODOMINGO,DominicanRepublic",0.102700319,-0.462509244,1.323830523,-0.601123464,-0.483092018,0.937,0.567333333,-4
"HAVANA,Cuba",0.128408847,-0.552309159,1.001254495,-0.478475335,-0.483092018,0.886774194,0.530967742,-5
"Cali,Colombia",0.019175815,1.503404078,1.343262814,-0.864879233,-0.042792367,0.958709677,0.38,-5
"Denver(CO),UnitedStates",0.220773532,2.701428614,-0.688059324,-0.664761253,-0.389335904,0.801612903,0.348709677,-7
"St.Louis(MO),UnitedStates",0.214594458,-0.278861083,-0.66992252,-0.102520021,-0.16626101,0.8,0.490967742,-6
"Colombo,Brazil",-0.140516547,1.486008895,1.006436439,-0.542262277,-0.483092018,0.957419355,0.585483871,-2
"Dubai,UnitedArabEmirates",0.140026941,-0.563359122,0.926116304,-0.274625596,-0.421511648,0.759677419,0.352903226,4
"Baltimore(MD),UnitedStates",0.218279916,-0.544987206,-0.612921133,-0.38115285,0.779767437,0.759677419,0.416774194,-5
"Sapporo,Japan",0.239233866,-0.501212336,-1.036689017,-1.012352796,-0.483092018,0.883333333,0.609444444,
"Rotterdam,Netherlands",0.288469001,-0.552614808,-0.320141284,-1.627188624,0.753133927,0.970645161,0.680322581,1
"Vancouver,Canada",0.273792939,-0.501149342,-0.271862837,,1.782244558,0.945333333,0.813666667,-8
"Preston,UnitedKingdom",0.29868445,-0.495884719,-0.268321842,-2.543815809,0.566853305,0.961612903,0.682903226,0
"Patna,India",0.142189415,-0.454930372,0.573744095,-0.665557302,-0.43690674,0.961612903,0.398387097,5.5
"SANA_A,Yemen",0.085385806,4.052413401,,,,,,
"WARSAW,Poland",0.290164864,-0.336392791,-0.998975978,-0.881796158,-0.298350906,0.940645161,0.66483871,1
"Bonn,Germany",0.281874611,-0.446600529,-0.418598224,-1.203816039,-0.152097525,0.971935484,0.694193548,1
"ACCRA,Ghana",0.03113176,-0.443446224,1.604950997,-1.271199777,-0.483092018,0.874642857,0.369642857,
"BUCHAREST,Romania",0.246815374,-0.420848849,-1.004157923,-0.380157673,0.00647193,0.981290323,0.613870968,2
"Yokohama,Japan",0.196909488,-0.541033516,-0.18022879,-0.722925724,-0.483092018,0.761290323,0.401290323,9
"Kunming,China",0.13822275,3.383963976,-0.099908654,0.13506408,-0.182887711,0.940967742,0.289677419,8
"Guiyang,China",0.148042561,2.046369115,-0.320141284,0.23586953,-0.093596173,0.971935484,0.693225807,8
"Zibo,China",0.204519372,-0.488673861,-1.004157923,1.406475319,-0.483092018,0.847741936,0.368709677,8
"Incheon,SouthKorea",0.208090309,-0.476174849,-0.884973205,0.843935781,-0.443064777,0.772903226,0.370322581,9
"Zhengzhou,China",0.193036728,-0.342770097,-0.685468352,1.33174205,-0.433827722,0.759032258,0.228709677,8
"Taiyuan,China",0.210392167,1.045938962,-1.151843333,0.914837805,-0.441525268,0.629354839,0.155483871,8
"Chaoyang(Guangdong),China",0.129249644,-0.531583657,0.459741322,0.227908579,1.847725019,0.918387097,0.602258065,8
"BRASILIA,Brazil",-0.087745316,1.669214691,1.073801714,-0.491809809,2.657506896,0.975483871,0.547741936,-2
"Zhongshan,China",0.125094439,-0.540161271,0.483060071,-0.008083425,1.235000329,0.935483871,0.687096774,8
"WestMidlands,UnitedKingdom",0.291528191,-0.333848254,-0.291640591,-2.21241702,-0.483092018,0.998064516,0.803548387,0
"Giza,Egypt",0.166739198,-0.518472886,0.369057299,0.187805362,-0.418432629,0.770645161,0.323225807,2
"QuezonCity,Philippines",0.081533563,-0.46880464,1.550540583,-1.29447121,-0.43690674,0.79483871,0.50516129,8
"Nanhai,China",0.127938644,-0.550812375,0.413103824,0.170589823,2.917683963,0.93516129,0.589677419,8
"Fuzhou(Fujian),China",0.144858378,-0.547508048,0.190280222,0.567940048,1.224223764,0.926774194,0.633548387,8
"Lanzhou,China",0.200339383,2.55438109,-1.426486377,0.185168267,-0.483092018,0.789354839,0.384516129,8
"Xiamen,China",0.135999078,-0.563346472,0.379421187,0.327619211,1.308896774,0.924516129,0.639677419,8
"Chittagong,Bangladesh",0.124152981,-0.486234062,0.869114917,-0.850250968,-0.452301833,0.928709677,0.381935484,6
"Zaozhuang,China",0.1933916,-0.384570178,-0.786516265,1.454141539,-0.406116555,0.692258065,0.257741936,8
"Jilin,China",0.243869667,-0.124978551,-2.069047462,1.002408114,-0.478473491,0.713870968,0.320967742,8
"Linyi,China",0.195025967,-0.428262879,,,,,,
"Wenzhou,China",0.155521267,-0.549452072,,,,,,
"STOCKHOLM,Sweden",0.329607353,-0.5280397,-1.146661389,-1.550514822,-0.483092018,0.931290323,0.679354839,1
"PuebladeZaragoza,Mexico",0.105784982,3.828170497,0.361284382,0.349263071,-0.356852258,0.828387097,0.188387097,-6
"Puning,China",0.12943,-0.534930641,0.459741322,0.227908579,1.847725019,0.918387097,0.602258065,8
"BAKU,Azerbaijan",0.224495898,-0.519611001,-0.348641977,-0.345477954,-0.005844144,0.944193548,0.588709677,4
"Ibadan,Nigeria",0.040986308,-0.106461876,1.516981325,-1.268629006,-0.14220068,0.626190476,0.267619048,1
"Brisbane,Australia",-0.152609837,-0.513114275,1.208532264,-1.087685916,0.037262116,0.890322581,0.47,10
"MINSK,Belarus",0.299469666,-0.144261558,-1.385030823,-1.100572776,0.000313893,0.963870968,0.690967742,3
"Sikasso,Mali",0.06290213,0.279669887,1.2888524,-1.216454105,1.171880448,0.461935484,0.123225807,0
"Nanchong,China",0.171321072,0.125429509,-0.211320455,0.766018008,-0.198282803,0.833548387,0.596129032,8
"Nanning,China",0.126761122,-0.404667173,0.3224198,0.089238906,0.611499074,0.970322581,0.667096774,8
"Urumqi,China",0.243475511,1.143954357,-1.737403031,1.581665757,-0.483092018,0.916129032,0.793870968,8
"Yantai,China",0.208132344,-0.558484444,,,,,,
"Fuyang(Zhejiang),China",0.166937178,-0.52462209,-0.304595451,1.108587086,0.8316489,0.940967742,0.559354839,8
"Tangshan,China",0.220171483,-0.48807915,-1.071523198,1.512654446,-0.483092018,0.74,0.308709677,8
"Maracaibo,Venezuela",0.059191394,-0.459263087,1.593476693,-1.118003177,-0.483092018,0.857142857,0.526785714,-4.5
"Hamburg,Germany",0.297506026,-0.555821346,-0.664740575,-1.446326049,-0.278337285,0.973548387,0.754193548,1
"BUDAPEST,Hungary",0.263877289,-0.345624653,-0.85388154,-0.48986943,-0.483092018,0.96,0.711935484,1
"Shunde,China",0.126695778,-0.564094035,0.511560765,0.075755125,1.761512499,0.901935484,0.611935484,8
"Manaus,Brazil",-0.017327931,-0.47450385,1.5583135,-1.544892506,-0.14132096,0.867741936,0.514193548,-4
"Xuzhou,China",0.190032044,-0.493250454,-0.646603771,1.411749509,-0.361470786,0.741612903,0.349677419,8
"Sí©gou,Mali",0.074620332,0.022683042,1.322535037,,-0.421511648,0.400967742,0.113870968,0
"Baotou,China",0.225874322,1.612942662,,,,,,
"Hefei,China",0.176781067,-0.490643439,-0.480781555,1.230787447,0.109619051,0.924516129,0.462580645,8
"VIENNA,Austria",0.267823191,-0.202352654,-0.721741962,-0.569926555,0.072670829,0.95516129,0.600645161,1
"Indore,India",0.126219826,0.556876263,0.817295475,-0.645207079,-0.476933981,0.763225807,0.226129032,5.5
"ASUNCION,Paraguay",-0.140354111,-0.366901916,1.58422322,-1.796856078,1.241158366,0.921935484,0.43516129,-3
"Tianmen,China",0.161371161,1.019658813,,,,,,
"BELGRADE,Serbia",0.248814267,-0.218817124,-0.641421826,-0.39199969,-0.11976783,0.961290323,0.587096774,1
"Suzhou(Anhui),China",0.186924206,-0.510478663,-0.646603771,1.411749509,-0.361470786,0.741612903,0.349677419,8
"Suizhou,China",0.176056756,-0.422914643,,,-0.483092018,,,8
"Nanyang,China",0.183281467,-0.301755731,-0.656967659,1.451753239,-0.472315454,0.740967742,0.403548387,8
"Nakuru,Kenya",-0.001683882,3.130201905,0.825068391,,0.38673072,0.912258065,0.334193548,3
"Koulikoro,Mali",0.076676708,0.143348264,1.322535037,,-0.421511648,0.400967742,0.113870968,0
"Ningbo,China",0.1659352,-0.546843289,-0.242412121,1.012657879,-0.483092018,0.949354839,0.612258065,8
"Liuan,China",0.176298333,-0.414201198,-0.480781555,1.230787447,0.109619051,0.924516129,0.462580645,8
"Anshan,China",0.228381372,-0.467803248,-1.714084282,1.40448512,-0.470775944,0.638387097,0.196129032,8
"Tengzhou,China",0.194911228,-0.424521282,-0.81760793,1.443095725,-0.421511648,0.766129032,0.311612903,8
"Qiqihaer,China",0.263079711,-0.262548124,-2.23746065,1.072514089,-0.475394472,0.633870968,0.349354839,8
"Pizhou,China",0.1907716,-0.522135728,,,,,,
"Taian,China",0.201112511,-0.224631731,-0.80465307,1.497578413,-0.390721462,0.56,0.252580645,8
"Datong,China",0.222648683,1.569466012,,,,,,
"Kobe,Japan",0.192722683,-0.555677649,-0.156910041,-0.129786352,-0.483092018,0.787419355,0.559032258,9
"Hama,Syria",0.195227156,0.020845545,0.166961473,-0.22168534,0.385191211,0.896129032,0.405483871,2
"Esfahan,Iran",0.181414597,2.666873667,-0.480781555,-0.145658434,-0.467696925,0.699354839,0.13516129,3.5
"TRIPOLI,Libya",0.182706719,-0.533027676,0.483060071,0.526692348,-0.483092018,0.753870968,0.383870968,2
"WestYorkshire,UnitedKingdom",0.298948987,-0.368394735,-0.408234336,-2.538317812,0.382112192,0.997096774,0.746129032,0
"Vadodara,India",0.12392866,-0.491928312,1.027164216,-0.765268088,-0.483092018,0.722258065,0.220645161,5.5
"Taizhou(Zhejiang),China",0.159202111,-0.538206429,,,,,,
"Luoyang,China",0.192331572,-0.266757686,,,,,,
"QUITO,Ecuador",-0.001003629,5.431378381,,,,,,
"Jinjiang,China",0.137676006,-0.515905981,0.379421187,0.327619211,1.308896774,0.924516129,0.639677419,8
"Mopti,Mali",0.080485713,-0.020499395,1.242214902,-0.760242692,-0.478473491,0.550322581,0.073225806,0
"Perth,Australia",-0.177502927,-0.533903978,1.291443371,-1.309796038,-0.295271887,0.762258065,0.218387097,8
"Daejeon(Taejon),SouthKorea",0.201946733,-0.419585156,-0.781334321,0.88821837,-0.364549804,0.782903226,0.36483871,9
"Kyoto,Japan",0.194509091,-0.475878693,-0.247594065,-0.138045764,-0.483092018,0.795483871,0.419032258,9
"Xiantao,China",0.168671567,-0.506599133,-0.41341628,1.173020924,-0.073582552,0.96,0.546774194,8
"Tangerang,Indonesia",-0.034457742,-0.522298688,1.524630862,-1.29621277,1.813855815,0.967096774,0.59516129,7
"Bhopal,India",0.129221852,0.446437798,0.804340614,-0.559030049,-0.159795071,0.787096774,0.24,5.5
"Coimbatore,India",0.061204692,0.31708998,1.286261427,-0.68560891,-0.483092018,0.877419355,0.312580645,5.5
"Kharkiv,Ukraine",0.277741667,-0.317872695,-1.330620409,-0.80507269,0.120395616,0.932258065,0.699677419,2
"Gwangju(Kwangchu),SouthKorea",0.195330808,-0.525041002,-0.599966273,0.789453094,-0.483092018,0.949677419,0.588387097,9
"Xinghua,China",0.182835883,-0.564718572,,,,,,
"HARARE,Zimbabwe",-0.099028698,2.479674109,1.040119077,0.101429204,-0.483092018,0.965483871,0.382258065,2
"Fushun,China",0.232671511,-0.396613065,-1.714084282,1.40448512,-0.470775944,0.638387097,0.196129032,8
"Shangqiu,China",0.191194228,-0.464781186,,,-0.483092018,,,8
"Belí©m,Brazil",-0.008087663,-0.52649506,1.462447531,-1.356267953,1.604482554,0.927419355,0.62516129,-3
"Wuxi,China",0.174950944,-0.556674507,,,,,,
"Hechuan,China",0.166511578,-0.118735184,-0.128409348,0.52276177,-0.038173839,0.906451613,0.608709677,8
"Wujin,China",0.176117711,-0.557209523,,,,,,
"Guigang,China",0.128397394,-0.477359843,0.332783689,0.244726017,1.187275541,0.891612903,0.665806452,8
"Jianyang(Sichuan),China",0.168948639,0.235821052,-0.136182264,0.499326684,-0.483092018,0.925483871,0.544193548,8
"Huhehaote,China",0.22690325,1.626959125,-1.918771079,1.305620203,-0.478473491,0.739354839,0.239032258,8
"SantaCruz,Bolivia",-0.098969899,0.290725798,1.509085029,-1.737248508,0.269728015,0.907741936,0.477419355,-4
"Semarang,Indonesia",-0.038917474,-0.543243243,1.573859332,-1.409457003,3.026989121,0.864516129,0.551612903,7
"Ludhiana,India",0.171672028,-0.051788926,,-0.383640637,-0.483092018,0.77,0.77,5.5
"Novosibirsk,Russia",0.305601959,-0.341733997,-2.398100921,2.583848064,-0.483092018,0.84483871,0.668387097,6
"Neijiang,China",0.164334606,0.118211725,,,-0.483092018,,,8
"MAPUTO,Mozambique",-0.143844267,-0.460800132,1.439128782,-0.762531506,-0.379944897,0.864193548,0.416451613,2
"Nan_an,China",0.138668806,-0.528067191,0.379421187,0.327619211,1.308896774,0.924516129,0.639677419,8
"Douala,Cameroon",0.022505869,-0.483490546,1.591996137,-1.440255965,-0.483092018,0.986129032,0.485483871,1
"Weifang,China",0.203927567,-0.503987174,,,,,,
"Daqing,China",0.2588295,-0.261909967,-2.286689119,1.078037073,-0.475394472,0.665806452,0.405806452,8
"Kayes,Mali",0.080204376,-0.466652563,1.410628089,-0.898165828,-0.483092018,0.370645161,0.098387097,0
"Tongzhou,China",0.221721922,-0.514100938,-1.133706528,1.563803322,-0.481552509,0.690645161,0.125806452,8
"Tabriz,Iran",0.211645772,2.228698586,-0.68287738,-0.266017749,-0.326062073,0.885806452,0.395806452,3.5
"Homs,Syria",0.192957929,0.457388183,,,-0.483092018,,,2
"Rugao,China",0.179836428,-0.553140185,,,-0.483092018,,,8
"Guiping,China",0.129968478,-0.465392899,0.332783689,0.244726017,1.187275541,0.891612903,0.665806452,8
"Huainan,China",0.181252656,-0.460136781,-0.480781555,1.230787447,0.109619051,0.924516129,0.462580645,8
"Kochi,India",0.055173516,-0.551129566,1.509085029,-1.145800721,-0.483092018,0.860645161,0.480645161,5.5
"Suining,China",0.169626928,0.005206387,,,-0.483092018,,,8
"Bozhou,China",0.188025456,-0.489078825,-0.662149603,1.414087989,-0.41535361,0.768387097,0.440967742,8
"Zhanjiang,China",0.118170811,-0.533173868,0.553016319,-0.098042035,2.605163581,0.936129032,0.740967742,8
"Changde,China",0.161287072,-0.489643647,,,,,,
"MONTEVIDEO,Uruguay",-0.193895071,-0.459237736,1.107484351,-1.133560757,-0.181348201,0.851290323,0.429677419,-3
"Suzhou(Jiangsu),China",0.173883217,-0.55498897,-0.3279142,1.074006854,-0.483092018,0.887419355,0.520967742,8
"Xintai,China",0.199494622,-0.160020019,-0.93938362,1.559872744,-0.435367231,0.662903226,0.223870968,8
"Ekaterinoburg,Russia",0.315771812,-0.064937279,-2.082002323,0.696260315,-0.298350906,0.859032258,0.65516129,5
"Juíçrez,Mexico",0.176057577,1.740268921,-0.050680184,-0.15212662,-0.476933981,0.719032258,0.350967742,-7
"Handan,China",0.203475872,-0.454839535,,,,,,
"Visakhapatnam,India",0.098260088,-0.456832589,1.260351706,-0.79631569,-0.483092018,0.865483871,0.409032258,5.5
"Kawasaki,Japan",0.197387888,-0.530589661,-0.18022879,-0.722925724,-0.483092018,0.761290323,0.401290323,9
"Jiangjin,China",0.162722606,-0.132863546,-0.128409348,0.52276177,-0.038173839,0.906451613,0.608709677,8
"Pingdu,China",0.2043131,-0.460989029,-0.861654456,1.33497622,-0.483092018,0.743548387,0.257741936,8
"Agra,India",0.150981501,-0.223828318,0.328434557,-0.405950828,-0.483092018,0.987857143,0.500714286,5.5
"Jiangyin,China",0.177336989,-0.54936829,,,,,,
"Tijuana,Mexico",0.180638594,-0.342481727,0.350920493,-0.052714449,-0.024318255,0.834516129,0.40516129,-8
"Liuyang,China",0.156460183,-0.391676673,-0.239821149,0.948074734,-0.483092018,0.917419355,0.660967742,8
"Bursa,Turkey",0.223269601,-0.155208632,-0.31495934,-0.067492021,0.274346543,0.908064516,0.539354839,2
"Al-Hasakeh,Syria",0.202252861,0.033949507,-0.250185037,-0.083364103,-0.199822313,0.887096774,0.488709677,2
"Makkah,SaudiArabia",0.118828236,0.050346531,1.304398232,-0.806217019,-0.483092018,0.788387097,0.376774194,3
"YAOUNDE,Cameroon",0.021377958,0.886142419,1.30180726,-0.568533431,-0.483092018,0.953548387,0.391612903,1
"Xuanwei,China",0.145665372,3.444796447,-0.418598224,,-0.441525268,0.916774194,0.418387097,8
"Dengzhou,China",0.181598522,-0.334124519,,,,,,
"Palembang,Indonesia",-0.016533742,-0.553109969,1.516857946,-1.384628793,1.853883056,0.976129032,0.577096774,7
"NizhnyNovgorod,Russia",0.312758355,-0.402585322,-1.677810672,-0.821641333,0.240477339,0.911612903,0.683225807,3
"Leí_n(delosAldama),Mexico",0.117361154,3.128914595,0.418285769,0.304731534,-0.483092018,0.80516129,0.213870968,-6
"Guarulhos,Brazil",-0.130301749,0.960020309,1.156712822,-0.669338727,-0.483092018,0.986451613,0.627741936,-2
"Heze,China",0.195743056,-0.456457545,,,-0.483092018,,,8
"Auckland,NewZealand",-0.204713665,-0.524447759,0.936480191,-0.740041777,-0.483092018,0.956129032,0.610967742,13
"Omdurman,Sudan",0.08693099,0.239703664,1.009474131,-0.565434841,-0.483092018,0.332413793,0.133448276,3
"Shantou,China",0.12974495,-0.551209219,0.459741322,0.227908579,1.847725019,0.918387097,0.602258065,8
"Leizhou,China",0.116189883,-0.536348956,0.553016319,-0.098042035,2.605163581,0.936129032,0.740967742,8
"Yongcheng,China",0.188496061,-0.495560462,,,-0.483092018,,,8
"Valencia,Venezuela",0.056432951,0.365218229,1.47281142,-0.925581312,-0.481552509,0.837419355,0.440645161,-4.5
"Thane,India",0.106768504,-0.545324981,1.159303793,-0.948071042,-0.483092018,0.77,0.234193548,5.5
"SanAntonio(TX),UnitedStates",0.163467344,-0.160176372,0.192871195,-0.117446901,0.103461014,0.873225807,0.397096774,-6
"Xinyang,China",0.178594356,-0.35050333,-0.530010025,1.39572812,-0.173650655,0.809354839,0.491612903,8
"Luzhou,China",0.16039895,-0.030422068,,,,,,
"Almaty,Kazakhstan",0.240122303,1.177914882,-0.773561404,0.478280053,0.472943239,0.95483871,0.58483871,6
"Changshu,China",0.175857644,-0.553984378,-0.3279142,1.074006854,-0.483092018,0.887419355,0.520967742,8
"Taixing,China",0.178732522,-0.561931896,,,,,,
"PHNOMPENH,Cambodia",0.064138183,-0.538185447,1.52203989,-1.279196204,-0.483092018,0.868387097,0.479354839,7
"Laiwu,China",0.201187856,-0.163426825,-0.80465307,1.497578413,-0.390721462,0.56,0.252580645,8
"Xiaoshan,China",0.167687811,-0.551088769,-0.304595451,1.108587086,0.8316489,0.940967742,0.559354839,8
"Yiyang,China",0.158632556,-0.401229472,-0.239821149,0.948074734,-0.483092018,0.917419355,0.660967742,8
"Goií¢nia,Brazil",-0.092704902,1.027650584,1.262942678,-0.849554406,-0.483092018,0.912903226,0.575806452,-2
"Liuzhou,China",0.135144656,-0.381279271,0.164370502,0.410363251,0.863978594,0.830967742,0.575806452,8
"Gaozhou,China",0.121766567,-0.487180856,0.485651044,-0.012014157,2.465068237,0.901612903,0.641612903,8
"Fengcheng(Jiangxi),China",0.156439678,-0.518305857,-0.188001706,1.039177673,0.696172084,0.815806452,0.563225807,8
"Cixi,China",0.16760925,-0.548491197,-0.242412121,1.012657879,-0.483092018,0.949354839,0.612258065,8
"Karaj,Iran",0.199111216,2.097874022,-0.298636216,-0.308678471,-0.483092018,0.763,0.299333333,3.5
"MOGADISHU,Somalia",0.011371857,-0.442677877,,,,,,
"Varanasi,India",0.140653584,-0.401639285,0.576335068,-0.483003142,-0.421511648,0.924193548,0.508709677,5.5
"Cí_rdoba,Argentina",-0.174556018,0.275829574,1.192986431,-0.922795064,1.198052106,0.939354839,0.39,-3
"KAMPALA,Uganda",0.001931091,1.842405784,1.139648143,-0.495493443,-0.466635195,0.923103448,0.552068966,3
"Ruian,China",0.154325872,-0.547639874,,,,,,
"Lianjiang,China",0.145540911,-0.539379932,0.190280222,0.567940048,1.224223764,0.926774194,0.633548387,8
"Huaian,China",0.186724222,-0.527680545,,,-0.483092018,,,8
"Shiraz,Iran",0.164398709,2.520165278,-0.151728097,0.09680191,-0.002765126,0.873225807,0.213870968,3.5
"Multan,Pakistan",0.167768782,-0.310670405,0.325010773,-0.433247236,-0.43690674,0.930645161,0.463548387,5
"Madurai,India",0.055140004,-0.283510838,1.369345267,-0.938864577,-0.483092018,0.867666667,0.42,5.5
"Mí_nchen,Germany",0.267417363,0.487659031,-0.651785715,-0.85940607,-0.483092018,0.993548387,0.746129032,1
"Kalyan,India",0.106890725,-0.547106223,1.159303793,-0.948071042,-0.483092018,0.77,0.234193548,5.5
"Quanzhou,China",0.138189622,-0.56122807,0.379421187,0.327619211,1.308896774,0.924516129,0.639677419,8
"Adana,Turkey",0.205507886,-0.51028997,-0.032543379,-0.199494226,0.158883348,0.793225807,0.3,2
"Bazhong,China",0.177043906,0.339953671,,,-0.483092018,,,8
"FíÂs,Morocco",0.188989581,0.305602779,0.330192717,0.822490895,-0.249086609,0.870967742,0.317096774,0
"OUAGADOUGOU,BurkinaFaso",0.068730154,0.040607233,1.2888524,-0.738051578,-0.483092018,0.333225807,0.064516129,0
"Haicheng,China",0.227124317,-0.528102124,,,,,,
"Xishan,China",0.175498417,-0.55799847,,,,,,
"Leiyang,China",0.146790417,-0.421468762,,,-0.483092018,,,8
"Caloocan,Philippines",0.081980991,-0.433568738,1.550540583,-1.29447121,-0.43690674,0.79483871,0.50516129,8
"Kalookan(Caloocan),Philippines",0.081980991,-0.433568738,1.550540583,-1.29447121,-0.43690674,0.79483871,0.50516129,8
"Jingzhou,China",0.168528694,-0.497589917,-0.36418781,1.248401088,-0.250626119,0.811935484,0.534193548,8
"Saitama,Japan",0.199231829,-0.527513989,-0.392688503,-0.323734607,0.676158463,0.835806452,0.392580645,9
"PRAGUE,CzechRepublic",0.278197434,-0.059994592,-0.796880153,-1.006782922,-0.483092018,0.971612903,0.751935484,1
"Fuqing,China",0.142895239,-0.51421616,0.190280222,0.567940048,1.224223764,0.926774194,0.633548387,8
"Kumasi,Ghana",0.037036669,-0.036792455,1.614218706,-1.203027702,-0.483092018,0.626153846,0.202307692,
"Meerut,India",0.161024788,-0.106689486,0.480469099,-0.456881295,-0.483092018,0.984193548,0.485806452,5.5
"Hyderabad,Pakistan",0.141009727,-0.518370593,0.765476032,-0.611323409,-0.483092018,0.769032258,0.293548387,5
"Lufeng,China",0.127319867,-0.557537036,0.508969793,0.140587064,2.063256317,0.846774194,0.606774194,8
"Dongtai,China",0.182594072,-0.560185679,,,,,,
"Yixing,China",0.17411465,-0.498201544,,,,,,
"Mianyang,China",0.174819417,0.400817506,1.481793457,-0.87930837,-0.483092018,0.8,0.441333333,-5
"Wenling,China",0.157625033,-0.560448551,,,,,,
"Leqing,China",0.156187361,-0.553278131,,,,,,
"OTTAWA,Canada",0.252341831,-0.420429836,-1.289442459,-1.158987893,-0.483092018,0.861071429,0.64,-5
"Yushu,China",0.183398189,6.870740232,-1.333211381,,-0.467696925,0.464193548,0.066774194,8
"Barranquilla,Colombia",0.061133929,-0.448069387,1.542767667,-1.442544624,-0.483092018,0.954193548,0.545483871,-5
"Hiroshima,Japan",0.191028905,-0.540422673,-0.213911427,0.145662126,0.657684352,0.862580645,0.543548387,9
"Chifeng,China",0.23476565,0.633757252,-1.727039143,2.015437261,-0.461538889,0.44516129,0.187741936,8
"Nashik,India",0.111096963,0.625467084,0.866523944,-0.675309479,-0.483092018,0.789677419,0.137419355,5.5
"Makasar(UjungPandang),Indonesia",-0.028598139,-0.553109969,1.532403778,-1.383136183,4.169305001,1,0.614193548,8
"SOFIA,Bulgaria",0.23720949,0.563010043,-0.822789874,-0.473947528,0.234319302,0.977419355,0.584516129,2
"Rizhao,China",0.196759633,-0.491537758,-0.747651683,1.39572812,-0.476933981,0.564516129,0.254193548,8
"Davao,Philippines",0.039948378,-0.167295722,1.566086416,-1.120574564,-0.296811396,0.907741936,0.485806452,8
"Tianshui,China",0.192115911,1.826086609,,,-0.483092018,,,8
"Huzhou,China",0.171635267,-0.561830971,-0.304595451,1.108587086,0.8316489,0.940967742,0.559354839,8
"Samara(Samarskayaoblast),Russia",0.295786134,-0.322183207,-1.721857199,-0.31602245,-0.483092018,0.911612903,0.76,4
"Omsk,Russia",0.305491558,-0.390920603,-2.449920363,2.214908499,-0.470775944,0.873870968,0.559032258,6
"Gujranwala,Pakistan",0.178635435,-0.100349308,0.236917721,-0.31602245,-0.483092018,0.956451613,0.570645161,5
"Adelaide,Australia",-0.194047216,-0.475586339,1.091938519,-1.017281481,0.009550949,0.749354839,0.223225807,10.5
"Macheng,China",0.173181889,-0.431871615,-0.41341628,1.173020924,-0.073582552,0.96,0.546774194,8
"Wuxian,China",0.223777076,-0.404815935,-1.346166242,1.140629864,-0.466157416,0.577419355,0.251290323,8
"Bijie,China",0.151577528,2.482331702,-0.426371141,,-0.361470786,0.906451613,0.661612903,8
"Yuzhou,China",0.189670561,-0.334917779,-0.685468352,1.33174205,-0.433827722,0.759032258,0.228709677,8
"Leshan,China",0.164178367,0.159193164,,,-0.483092018,,,8
"LaMatanza,Argentina",-0.193256931,-0.535482937,1.21630518,-1.157393944,0.272807034,0.881612903,0.32516129,-3
"Rosario,Argentina",-0.18302357,-0.498793577,1.35103573,-1.358606588,0.47140373,0.901935484,0.362903226,-3
"Jabalpur,India",0.128785928,0.297411515,0.726611451,-0.515045766,-0.369168333,0.82483871,0.231935484,5.5
"Kazan,Russia",0.310169059,-0.436615502,-1.773676641,-0.407921438,0.134251199,0.940322581,0.685806452,3
"Jimo,China",0.202163344,-0.522199878,-0.861654456,1.33497622,-0.483092018,0.743548387,0.257741936,8
"Dingzhou,China",0.213980339,-0.445846545,-1.017112783,1.399260751,-0.483092018,0.790967742,0.317419355,8
"Calgary,Canada",0.283603417,1.57553569,-1.19018972,-0.589709472,-0.409914011,0.753,0.496666667,-7
"YEREVAN,Armenia",0.223217698,1.429705002,-0.8668364,-0.257907645,-0.483092018,0.935483871,0.563548387,4
"El-Jadida,Morocco",0.184620181,-0.491281861,0.553016319,0.573960466,-0.116688812,0.930322581,0.51,0
"Jamshedpur,India",0.126692036,-0.259547055,0.804340614,-0.740439878,-0.43690674,0.888709677,0.240322581,5.5
"Zí_rich,Switzerland",0.263204926,0.268651401,-0.491145444,-0.642619805,-0.483092018,0.962258065,0.691290323,1
"Zoucheng,China",0.196695472,-0.394108858,-0.81760793,1.443095725,-0.421511648,0.766129032,0.311612903,8
"Pikine-Guediawaye,Senegal",0.081994137,-0.540271422,1.278488511,-1.009817964,-0.483092018,0.86483871,0.322258065,0
"Anqiu,China",0.2026583,-0.468729408,,,,,,
"Guang_an,China",0.169201244,0.051793099,-0.128409348,0.52276177,-0.038173839,0.906451613,0.608709677,8
"Chelyabinsk,Russia",0.306469122,-0.111258238,-2.170095374,0.718252456,-0.483092018,0.864193548,0.732903226,5
"CONAKRY,Guinea",0.053562142,-0.364885199,1.357812119,-1.198044415,-0.483092018,0.925769231,0.540769231,0
"Asansol,India",0.131521918,-0.319165238,0.822477419,-0.727304378,-0.318364527,0.786774194,0.264193548,5.5
"Shouguang,China",0.204754222,-0.521265951,,,,,,
"Changzhou,China",0.176729033,-0.561097117,,,,,,
"Ulsan,SouthKorea",0.197435429,-0.532659247,-0.540373914,0.465940602,-0.082819608,0.57483871,0.210322581,9
"Zhuji,China",0.165048289,-0.534037077,-0.304595451,1.108587086,0.8316489,0.940967742,0.559354839,8
"Toluca(deLerdo),Mexico",0.10712561,4.90652066,0.120323975,0.462507304,-0.37378686,0.958064516,0.266451613,-6
"Marrakech,Morocco",0.175719291,0.390212254,0.485651044,0.660585419,-0.419972138,0.858709677,0.257741936,0
"Dhanbad,India",0.132198073,-0.063357506,,,-0.483092018,,,5.5
"TBILISI,Georgia",0.231750765,0.674678025,,,,,,
"Hanchuan,China",0.170340244,-0.509549375,-0.41341628,1.173020924,-0.073582552,0.96,0.546774194,8
"LUSAKA,Zambia",-0.085486255,1.999091264,1.147126225,,-0.483092018,0.815,0.529,
"Qidong,China",0.176629322,-0.562088124,-0.3279142,1.074006854,-0.483092018,0.887419355,0.520967742,8
"Faridabad,India",0.157827291,-0.147145448,0.480469099,-0.456881295,-0.483092018,0.984193548,0.485806452,5.5
"Zaoyang,China",0.178493433,-0.335747183,,,,,,
"Zhucheng,China",0.199975856,-0.434835884,,,,,,
"Rostov-na-Donu,Russia",0.262420632,-0.429263194,-1.053386393,-0.490914273,-0.483092018,0.957096774,0.795806452,3
"Jiangdu,China",0.180192622,-0.551208047,,,,,,
"Xiangcheng,China",0.185921322,-0.476312654,-0.63364891,1.446628356,-0.447683305,0.700322581,0.386774194,8
"Zigong,China",0.162994611,0.068817222,,,,,,
"Jining(Shandong),China",0.1967499,-0.487809407,-0.81760793,1.443095725,-0.421511648,0.766129032,0.311612903,8
"Edmonton,Canada",0.297468828,0.79776898,-1.4057586,-0.594257177,-0.241389063,0.922258065,0.630645161,-7
"Allahabad,India",0.141310006,-0.373332454,,,,,,
"Beiliu,China",0.126157283,-0.368158331,,,-0.483092018,,,8
"Dnipropetrovsk,Ukraine",0.269248428,-0.443572001,-1.198480831,-0.774273882,0.532984101,0.968709677,0.749354839,2
"Gongzhuling,China",0.241692706,-0.132826277,-2.069047462,1.002408114,-0.478473491,0.713870968,0.320967742,8
"Qinzhou,China",0.122110744,-0.547615853,0.3224198,0.089238906,0.611499074,0.970322581,0.667096774,8
"Ufa,Russia",0.304104234,-0.206311614,-1.768494697,0.261244994,-0.05664795,0.86516129,0.531935484,5
"Sendai,Japan",0.212601194,-0.450273439,-0.490065872,-0.730494898,-0.483092018,0.8275,0.461666667,9
"Volgograd,Russia",0.270600267,-0.494009648,-1.364303047,-0.442054057,-0.483092018,0.940967742,0.712580645,3
"Ezhou,China",0.168844111,-0.53228896,-0.41341628,1.173020924,-0.073582552,0.96,0.546774194,8
"GUATEMALACITY,Guatemala",0.081305083,2.490373454,0.752521171,0.760097077,16.18979339,0.949677419,0.508709677,-6
"Zhongxiang,China",0.173154556,-0.461759851,-0.478190583,1.274622422,-0.136702432,0.790967742,0.537741936,8
"AMSTERDAM,Netherlands",0.290945643,-0.548047881,-0.361596838,-1.663958184,0.549918703,0.986451613,0.712258065,1
"BRUSSELS,Belgium",0.282501924,-0.52968916,-0.353823922,-1.362139218,0.529905082,0.968387097,0.648387097,1
"BAMAKO,Mali",0.070217953,0.107727681,1.286261427,-0.696804031,-0.43690674,0.522258065,0.101935484,0
"Ziyang,China",0.167382783,0.183458875,-0.136182264,0.499326684,-0.483092018,0.925483871,0.544193548,8
"ANTANANARIVO,Madagascar",-0.10488439,1.990419976,1.076392686,-0.225864867,3.171702992,0.984193548,0.485806452,3
"Mudanjiang,China",0.247509183,-0.088468304,-2.009455103,0.874485795,-0.296811396,0.603870968,0.315483871,8
"Amritsar,India",0.175744329,-0.092456941,0.143642724,-0.345477954,-0.082819608,1,0.673870968,5.5
"Vijayawada,India",0.091700968,-0.502625889,1.268124622,-0.840299818,-0.406116555,0.925483871,0.356129032,5.5
"Haora(Howrah),India",0.125532049,-0.559251871,0.838023251,-0.800345909,-0.473854963,0.939032258,0.362258065,5.5
"Donetsk(Donestskayaoblast),Ukraine",0.266754906,-0.137060018,,,-0.483092018,,,2
"Huazhou,China",0.1203558,-0.519225141,0.553016319,-0.098042035,2.605163581,0.936129032,0.740967742,8
"Fuzhou(Jiangxi),China",0.155273428,-0.475547814,-0.162091985,0.932749907,0.887071233,0.921935484,0.683548387,8
"PimpriChinchwad,India",0.103498784,0.598964637,0.895024638,-0.784473827,-0.483092018,0.891612903,0.177419355,5.5
"DUBLIN,Ireland",0.296387807,-0.557161965,-0.289049619,-2.686888815,0.379033174,0.973548387,0.68516129,0
"Rajkot,India",0.123910525,-0.304062037,1.03234616,-0.646401229,-0.483092018,0.692580645,0.190645161,5.5
"SaoLuí_s,Brazil",-0.014106166,-0.554654324,1.506494057,-1.352237734,0.51450999,0.831290323,0.51,-3
"Bí©ni-Mellal,Morocco",0.179680239,0.469887226,,,-0.483092018,,,0
"Lianyuan,China",0.153847456,-0.216585386,,,-0.483092018,,,8
"Liupanshui,China",0.147737033,3.110560614,-0.418598224,,-0.441525268,0.916774194,0.418387097,8
"Kaduna,Nigeria",0.058391468,0.631995854,1.069483427,-0.715263388,-0.483092018,0.266666667,0.116666667,1
"Kitakyushu,Japan",0.188241163,-0.555204232,-0.164682957,0.13506408,-0.483092018,0.899677419,0.615806452,9
"Qianjiang,China",0.168900611,-0.502000446,-0.36418781,1.248401088,-0.250626119,0.811935484,0.534193548,8
"Perm,Russia",0.322387118,-0.389325913,-1.856587748,0.233481229,-0.483092018,0.920967742,0.739032258,5
"Odessa,Ukraine",0.258236256,-0.43875214,-0.941974592,-0.648043302,0.434455507,0.984193548,0.690967742,2
"Qom,Iran",0.192444135,1.345455529,-0.133591292,0.137551868,-0.359931277,0.736129032,0.196129032,3.5
"Yongchuan,China",0.163089539,0.060037283,-0.128409348,0.52276177,-0.038173839,0.906451613,0.608709677,8
"Peshawar,Pakistan",0.188972082,0.093663235,0.239508693,-0.275123185,-0.483092018,0.87483871,0.509677419,5
"Linzhou,China",0.200461372,0.037375212,,,,,,
"Benxi,China",0.230483228,-0.363179422,-1.714084282,1.40448512,-0.470775944,0.638387097,0.196129032,8
"ULAANBAATAR,Mongolia",0.266035549,2.098669002,-2.823020348,1.271338431,-0.258323665,0.799032258,0.497419355,8
"Zhangqiu,China",0.203784772,-0.274270838,-1.004157923,1.406475319,-0.483092018,0.847741936,0.368709677,8
"Yongzhou,China",0.146779967,-0.357289231,-0.182819762,0.986436545,0.602262018,0.922903226,0.670322581,8
"SaoGoní_alo,Brazil",-0.126818268,-0.53582385,1.444310726,-1.348705103,0.973283752,0.946774194,0.570967742,-2
"Srinagar,India",0.189353727,2.681879292,-0.371960726,,-0.270639739,0.907096774,0.409354839,5.5
"Ghaziabad,India",0.159273092,-0.120788545,0.480469099,-0.456881295,-0.483092018,0.984193548,0.485806452,5.5
"Xinyi(Jiangsu),China",0.190942111,-0.501060841,,,,,,
"Kí_ln,Germany",0.282986283,-0.465068307,-0.418598224,-1.203816039,-0.152097525,0.971935484,0.694193548,1
"Zhangjiagang,China",0.177086511,-0.553780343,,,,,,
"Wafangdian,China",0.220150633,-0.322444602,-1.198480831,1.268402876,-0.463078398,0.741935484,0.254516129,8
"Xianyang,China",0.190720028,0.217122752,-0.835744735,1.137097234,-0.483092018,0.84483871,0.372903226,8
"Liaocheng,China",0.202539056,-0.49141537,-0.85388154,1.483497402,-0.45845987,0.667419355,0.307419355,8
"Ahwaz,Iran",0.173990707,-0.52486605,0.317237857,-0.037937031,0.09114494,0.901612903,0.381935484,3.5
"Taishan,China",0.1236218,-0.537758857,0.576335068,0.012316464,1.530586109,0.874516129,0.573548387,8
"Linhai,China",0.160324761,-0.545993306,,,,,,
"Feicheng,China",0.201014283,-0.347849612,-0.80465307,1.497578413,-0.390721462,0.56,0.252580645,8
"Suwon(Puwan),SouthKorea",0.207037039,-0.474837455,-0.882382233,0.835626549,-0.480013,0.775483871,0.373225807,9
"Wuwei,China",0.210712594,2.575128255,,,-0.483092018,,,8
"Haimen,China",0.177062072,-0.558010771,-0.3279142,1.074006854,-0.483092018,0.887419355,0.520967742,8
"SanLuisPotosí_,Mexico",0.123091499,3.26858039,0.283555219,-0.022114615,-0.446143796,0.854193548,0.165806452,-6
"Liling,China",0.153589422,-0.383093433,,,,,,
"Xinhui,China",0.124768333,-0.561387038,0.576335068,0.012316464,1.530586109,0.874516129,0.573548387,8
"Gaziantep,Turkey",0.205921961,1.136953124,-0.506691276,-0.19859869,0.141948746,0.889677419,0.45,2
"Krasnoyarsk,Russia",0.311196019,-0.281379785,-2.610560634,2.747246305,-0.483092018,0.841935484,0.679032258,7
"Chiba,Japan",0.197805874,-0.561248995,-0.120019533,-0.808103105,-0.483092018,0.644285714,0.487142857,
"Voronezh,Russia",0.287086092,-0.258298669,-1.416122489,-0.972650457,-0.483092018,0.942580645,0.768387097,3
"Durg-BhilaiNagar,India",0.117724719,0.039985632,1.021982271,-0.752381228,-0.43690674,0.658064516,0.21483871,5.5
"Ruzhou,China",0.189816833,-0.13049523,,,,,,
"Maceií_,Brazil",-0.053610271,-0.542076583,1.415810033,-1.077884073,0.415981396,0.994193548,0.599677419,-2
"Yichun(Jiangxi),China",0.154531906,-0.371241294,-0.195774623,1.006836434,0.47140373,0.873870968,0.627096774,8
"Al-Madinah,SaudiArabia",0.136248079,0.637971563,0.770657977,-0.135060388,-0.483092018,0.51516129,0.140322581,3
"Yulin(Guangxi),China",0.125757661,-0.398480739,,,-0.483092018,,,8
"Seongnam,SouthKorea",0.208027316,-0.435732468,-0.882382233,0.835626549,-0.480013,0.775483871,0.373225807,9
"Yueyang,China",0.163093356,-0.491918729,-0.289049619,1.197401365,0.008011439,0.871935484,0.640967742,8
"Yiwu,China",0.162815317,-0.418346641,,,-0.483092018,,,8
"SanJose(CA),UnitedStates",0.20743449,-0.517168921,0.265418414,-0.207007409,1.115996262,0.904516129,0.586451613,-8
"Jixi,China",0.251639306,-0.17093576,-2.004273159,0.569532146,-0.387642444,0.582258065,0.319677419,8
"MANAGUA,Nicaragua",0.067305514,-0.234161695,1.509085029,-1.359999712,-0.483092018,0.872903226,0.431935484,-6
"Xinyi(Guangdong),China",0.124191028,-0.385707493,0.485651044,-0.012014157,2.465068237,0.901612903,0.641612903,8
"Safi,Morocco",0.179448973,-0.437794178,0.54265243,0.757012214,-0.267560721,0.862903226,0.449032258,0
"Guangyuan,China",0.180196861,0.431215623,-0.14395518,0.778108665,-0.359931277,0.786774194,0.481612903,8
"Soweto,SouthAfrica",-0.145825209,2.827750465,1.141166989,0.308413472,-0.483092018,0.793225807,0.334516129,2
"Zhangjiakou,China",0.226486361,0.899367652,-1.579353732,2.272426229,-0.470775944,0.442258065,0.196129032,8
"Baoding,China",0.215969078,-0.517269941,-1.017112783,1.399260751,-0.483092018,0.790967742,0.317419355,8
"Cartagena,Colombia",0.057728047,-0.532503625,1.516857946,-1.568775205,-0.483092018,0.907419355,0.581935484,-5
"Huludao,China",0.22617245,-0.533280418,,,,,,
"Pingdingshan,China",0.187589833,-0.313363766,,,-0.483092018,,,8
"Torino,Italy",0.250390622,-0.078192938,-0.519646137,-0.88368687,-0.443064777,0.78,0.418709677,1
"Zengcheng,China",0.129228561,-0.546614623,0.413103824,0.170589823,2.917683963,0.93516129,0.589677419,8
"Laiyang,China",0.205438561,-0.480524067,,,,,,
"Qingzhou,China",0.203802933,-0.361150568,,,,,,
"Aurangabad,India",0.110423141,0.65021913,1.024573244,-0.836817007,-0.483092018,0.757741936,0.398709677,5.5
"Lattakia,Syria",0.197448391,-0.471086205,0.166961473,-0.22168534,0.385191211,0.896129032,0.405483871,2
"Mí©rida,Mexico",0.11648539,-0.545506613,1.172258655,-0.583708951,-0.443064777,0.988064516,0.488064516,-5
"Laizhou,China",0.206538983,-0.468441999,-0.879791261,1.422447042,-0.407656064,0.640322581,0.328064516,8
"Thiruvananthapuram,India",0.047356328,-0.523783271,1.475402391,-1.354725522,-0.483092018,0.913870968,0.540322581,5.5
"Weinan,China",0.191666639,0.159631514,-0.835744735,1.137097234,-0.483092018,0.84483871,0.372903226,8
"Wuchang,China",0.169746461,-0.508763077,-0.41341628,1.173020924,-0.073582552,0.96,0.546774194,8
"Guangshui,China",0.175649189,-0.403631496,-0.41341628,1.173020924,-0.073582552,0.96,0.546774194,8
"Gaizhou,China",0.224447839,-0.544497102,-1.460169015,1.454887768,-0.472315454,0.565806452,0.200967742,8
"Gí_teborg,Sweden",0.320604833,-0.556837589,-0.936792648,-1.641717403,-0.483092018,0.944516129,0.75483871,1
"Xiaogan,China",0.171765367,-0.518251231,-0.41341628,1.173020924,-0.073582552,0.96,0.546774194,8
"Torreí_n,Mexico",0.141904691,1.742426184,0.402739936,-0.20730587,-0.249086609,0.751290323,0.275483871,-5
"Jiaxing,China",0.170855133,-0.558621386,-0.3279142,1.074006854,-0.483092018,0.887419355,0.520967742,8
"Kozhikode,India",0.062548628,-0.535877804,1.560904471,-1.213518549,-0.483092018,0.854193548,0.410645161,5.5
"Salí©,Morocco",0.189076094,-0.405073565,0.397557992,0.658197118,-0.132083904,0.941290323,0.469354839,0
"Zhuzhou,China",0.154599928,-0.473029111,-0.239821149,0.948074734,-0.483092018,0.917419355,0.660967742,8
"Tyneside,UnitedKingdom",0.305596349,-0.513059122,-0.35123295,-2.702910204,-0.483092018,0.950322581,0.789354839,0
"Hengyang,China",0.149407606,-0.400497457,,,-0.483092018,,,8
"Dehui,China",0.24734325,-0.21740445,-2.069047462,1.002408114,-0.478473491,0.713870968,0.320967742,8
"Honghu,China",0.165696989,-0.51810612,,,-0.483092018,,,8
"Danyang,China",0.177834522,-0.539825089,-0.480781555,1.236608892,0.298978691,0.954193548,0.451935484,8
"Daye,China",0.167198017,-0.512816908,-0.41341628,1.173020924,-0.073582552,0.96,0.546774194,8
"Solapur,India",0.09811066,0.403181699,1.25257879,-1.005489284,-0.483092018,0.445483871,0.203548387,5.5
"Xingning,China",0.134092389,-0.317976269,,,-0.483092018,,,8
"Xiangfan,China",0.1778277,-0.424096818,,,,,,
"Shubra-El-Khema,Egypt",0.167352141,-0.525036093,0.369057299,0.187805362,-0.418432629,0.770645161,0.323225807,2
"Luoding,China",0.126492194,-0.462147524,,,-0.483092018,,,8
"Gwalior,India",0.145657151,-0.133413358,0.602244789,-0.509871218,-0.43690674,0.952903226,0.341290323,5.5
"Ranchi,India",0.129689443,0.750205102,0.646291315,-0.512408826,-0.406116555,0.80483871,0.197419355,5.5
"Huiyang,China",0.126606117,-0.503840505,0.511560765,0.075755125,1.761512499,0.901935484,0.611935484,8
"Mombasa,Kenya",-0.022463762,-0.520884761,1.514266973,-1.301138524,-0.483092018,0.922903226,0.510645161,3
"Jinzhou(Liaoning),China",0.228309361,-0.520745028,,,,,,
"Jiangyan,China",0.180606417,-0.551062668,,,,,,
"Chenghai,China",0.130370611,-0.548787968,0.459741322,0.227908579,1.847725019,0.918387097,0.602258065,8
"Jiamusi,China",0.259998767,-0.399323514,,,,,,
"Songzi,China",0.167648711,-0.478009691,,,,,,
"TEGUCIGALPA,Honduras",0.078179306,1.454401191,0.972753802,-0.247309599,-0.483092018,0.979032258,0.400645161,-6
"Wujiang,China",0.17299265,-0.552146139,-0.3279142,1.074006854,-0.483092018,0.887419355,0.520967742,8
"Jodhpur,India",0.145771927,-0.116551586,0.786203809,-0.545645754,-0.483092018,0.749032258,0.185806452,5.5
"DuquedeCaxias,Brazil",-0.126590547,-0.508480713,1.413219061,-1.318602858,1.764591518,0.896774194,0.512258065,-2
"Xi_ning,China",0.203428522,4.065218528,-1.283982911,,-0.476933981,0.605483871,0.117096774,8
"Yuyao,China",0.166873289,-0.554889587,-0.242412121,1.012657879,-0.483092018,0.949354839,0.612258065,8
"Hezhou,China",0.135575456,-0.34996578,,,-0.483092018,,,8
"Jiangyou,China",0.176544567,0.533506745,1.481793457,-0.87930837,-0.483092018,0.8,0.441333333,-5
"Tiruchchirappalli,India",0.059947129,-0.401174803,1.327716981,-0.996533157,-0.483092018,0.917096774,0.39,5.5
"Baoshan,China",0.139511367,2.857584775,0.071095505,,-0.196743294,0.778387097,0.250322581,8
"Saratov,Russia",0.286624252,-0.272522467,-1.486078736,-0.57689233,-0.483092018,0.929032258,0.760322581,3
"NovaIguaí_u,Brazil",-0.126422955,-0.518905543,1.423582949,-1.257452857,-0.483092018,0.913548387,0.560967742,-2
"Ankang,China",0.18158175,-0.013694532,-0.359005866,1.283130628,-0.406116555,0.776129032,0.39,8
"Gaomi,China",0.202125528,-0.515695311,-0.861654456,1.33497622,-0.483092018,0.743548387,0.257741936,8
"Yangchun,China",0.1231691,-0.501927451,0.467514239,0.02316315,3.852166091,0.913870968,0.688709677,8
"SantiagodelosCaballeros,DominicanRepublic",0.108217757,-0.175169345,1.146348933,-0.623065785,-0.483092018,0.998064516,0.497419355,-4
"Danzhou,China",0.108450744,-0.273904994,0.711065618,-0.267460694,0.948651604,0.947741936,0.741935484,8
"LAPAZ,Bolivia",-0.091609383,6.864218459,0.133278836,2.648132594,0.710027667,0.917741936,0.286774194,-4
"Zhuanghe,China",0.22044895,-0.565393773,,,,,,
"Zhuhai,China",0.123727656,-0.553101779,0.483060071,-0.008083425,1.235000329,0.935483871,0.687096774,8
"Zhaodong,China",0.255839589,-0.270584097,-2.364418283,0.777362437,-0.461538889,0.837741936,0.452903226,8
"Sakai,Japan",0.192073678,-0.554966259,-0.182819762,-0.128592202,-0.483092018,0.727419355,0.434516129,9
"Haikou,China",0.111355567,-0.536731563,0.711065618,-0.267460694,0.948651604,0.947741936,0.741935484,8
"Jiaonan,China",0.178640739,-0.477625127,-0.480781555,1.230787447,0.109619051,0.924516129,0.462580645,8
"ElAlto,Bolivia",-0.091667187,7.670891921,0.133278836,2.648132594,0.710027667,0.917741936,0.286774194,-4
"Xuancheng,China",0.171892722,-0.530549312,-0.480781555,1.236608892,0.298978691,0.954193548,0.451935484,8
"Wuchuan,China",0.119121156,-0.552923269,0.553016319,-0.098042035,2.605163581,0.936129032,0.740967742,8
"Yuhang,China",0.1689947,-0.543844106,-0.304595451,1.108587086,0.8316489,0.940967742,0.559354839,8
"Qinhuangdao,China",0.22186325,-0.559213221,,,,,,
"Bogor,Indonesia",-0.036650816,-0.037495589,1.618337687,-1.415321636,-0.483092018,0.943666667,0.583333333,7
"Kermanshah,Iran",0.190709402,2.17941192,-0.763197516,-0.497531766,-0.483092018,0.827741936,0.512580645,3.5
"Longhai,China",0.135815033,-0.547151604,0.379421187,0.327619211,1.308896774,0.924516129,0.639677419,8
"Liverpool,UnitedKingdom",0.296713174,-0.533609403,-0.19318365,-2.408007192,-0.483092018,0.979677419,0.778709677,0
"Yanshi,China",0.192929,-0.314458174,,,,,,
"Guwahati,India",0.145247316,-0.465664775,0.620381593,-0.660432419,-0.390721462,0.983548387,0.500967742,5.5
"Yichun(Heilongjiang),China",0.265152978,-0.094163483,-2.377373143,0.756265986,-0.401498027,0.688064516,0.358387097,8
"Konya,Turkey",0.210414683,1.537090073,-0.708787101,-0.449766214,-0.319904036,0.926129032,0.446129032,2
"Barquisimeto,Venezuela",0.055932066,0.653455899,1.299216288,-0.713571649,-0.480013,0.917741936,0.377419355,-4.5
"Yingde,China",0.134483256,-0.489450487,0.413103824,0.170589823,2.917683963,0.93516129,0.589677419,8
"Bengbu,China",0.182868261,-0.516183168,-0.566283635,1.374780976,-0.250626119,0.836774194,0.448709677,8
"Yibin,China",0.15973205,0.090372047,,,,,,
"Chandigarh,India",0.170740638,0.146356111,,,,,,
"Xiangxiang,China",0.154078444,-0.46549185,-0.239821149,0.948074734,-0.483092018,0.917419355,0.660967742,8
"Yinchuan,China",0.213817744,1.707109997,-1.366894019,2.328351861,-0.481552509,0.532580645,0.199677419,8
"Valencia,Spain",0.219277264,-0.541060385,0.255054526,0.177903878,-0.473854963,0.820322581,0.307741936,1
"Guilin,China",0.14019155,-0.252012847,-0.014406575,0.551719685,0.403665322,0.957419355,0.568709677,8
"Hamamatsu,Japan",0.192837969,-0.531529766,-0.097835877,-0.874288065,-0.483092018,0.684,0.469,
"SaoBernardodoCampo,Brazil",-0.131610238,1.061192626,1.125621156,-0.604904889,1.022548049,0.871290323,0.48516129,-2
"DeirEl-Zor,Syria",0.196275843,-0.116789005,,,,,,
"BISHKEK,Kyrgyzstan",0.23819234,0.963939845,-0.555919747,0.926978283,0.600722509,0.78,0.410322581,6
"Teresina,Brazil",-0.028288949,-0.389881661,1.5583135,-1.389902983,2.297261726,0.926129032,0.463548387,-3
"Suihua,China",0.259188028,-0.208677743,-2.364418283,0.777362437,-0.461538889,0.837741936,0.452903226,8
"BENGHAZI,Libya",0.178304284,-0.448065217,,,,,,
"Jiutai,China",0.245287456,-0.197838852,-2.069047462,1.002408114,-0.478473491,0.713870968,0.320967742,8
"Meishan,China",0.167085778,0.28233329,-0.136182264,0.499326684,-0.483092018,0.925483871,0.544193548,8
"Zaporizhya,Ukraine",0.265771111,-0.39237848,-1.128524584,-0.663567103,0.19737108,0.966451613,0.701935484,2
"Gaoyou,China",0.182120328,-0.563862468,,,-0.483092018,,,8
"Marseille,France",0.240536011,-0.559780561,-0.022179491,-0.340452558,-0.356852258,0.945806452,0.526451613,1
"Kaifeng,China",0.193318228,-0.412677812,-0.685468352,1.33174205,-0.433827722,0.759032258,0.228709677,8
"Changning,China",0.173446483,-0.550864601,-0.3279142,1.074006854,-0.483092018,0.887419355,0.520967742,8
"Tongliao,China",0.242516056,-0.205047421,-1.822905111,1.471357079,-0.483092018,0.469354839,0.189677419,8
"Natal,Brazil",-0.032106983,-0.527816245,1.397673228,-1.18983467,0.611499074,0.936129032,0.607741936,-3
"BandarLampung,Indonesia",-0.029984109,-0.356870296,1.52203989,-1.333380276,4.003037999,0.938064516,0.572258065,7
"Dongying,China",0.207970839,-0.562445902,,,-0.483092018,,,8
"Gaoan,China",0.157873639,-0.487372571,-0.188001706,1.039177673,0.696172084,0.815806452,0.563225807,8
"Langzhong,China",0.175324206,0.178287517,-0.14395518,0.778108665,-0.359931277,0.786774194,0.481612903,8
"Lichuan,China",0.168283311,1.641834044,-0.206138511,1.008279379,0.161962366,0.868709677,0.569032258,8
"Hubli-Dharwad,India",0.085359491,0.7148578,1.042710048,-1.049075465,-0.483092018,0.635483871,0.157741936,5.5
"Mysore,India",0.068310058,0.968183146,1.165552608,-0.529808686,-0.483092018,0.682941177,0.351764706,
"Niigata,Japan",0.210645513,-0.561910142,-0.444507946,-0.42911753,-0.483092018,0.940322581,0.637096774,9
"Indianapolis(IN),UnitedStates",0.220935572,-0.111303035,-0.848699596,-0.331396943,0.087604069,0.840967742,0.568064516,-5
"Jiaozhou,China",0.201470444,-0.551486262,-0.861654456,1.33497622,-0.483092018,0.743548387,0.257741936,8
"Pingxiang(Jiangxi),China",0.153459822,-0.371193529,-0.239821149,0.948074734,-0.483092018,0.917419355,0.660967742,8
"Haiphong,VietNam",0.115805064,-0.551329189,0.607426733,-0.150385215,0.642289259,0.967419355,0.777096774,7
"Arequipa,Peru",-0.091161374,4.184035941,0.612608677,0.991561273,-0.483092018,0.722580645,0.191612903,-5
"Jacksonville(FL),UnitedStates",0.168512132,-0.557645639,0.291328135,-0.281641191,0.326381956,0.848709677,0.487419355,-5
"Tanger,Morocco",0.198663695,-0.466182278,0.410512853,0.680189259,-0.092056663,0.911935484,0.529354839,0
"Dandong,China",0.222226594,-0.55720457,-1.346166242,1.140629864,-0.466157416,0.577419355,0.251290323,8
"KISHINEV,Moldova",0.261169183,-0.485484646,-0.983430146,-0.504845822,-0.282955813,0.852580645,0.596129032,2
"Krasnodar,Russia",0.250218152,-0.513687352,-0.765788488,-0.459070468,-0.483092018,0.951290323,0.700322581,3
"ZAGREB,Croatia",0.254527838,-0.295937594,-0.612921133,-0.34234327,0.023406532,0.907419355,0.522903226,1
"Xinmi,China",0.191885794,0.065692664,-0.685468352,1.33174205,-0.433827722,0.759032258,0.228709677,8
"Chaohu,China",0.175691789,-0.539898536,-0.480781555,1.230787447,0.109619051,0.924516129,0.462580645,8
"Xinyu,China",0.154543383,-0.438769025,-0.195774623,1.006836434,0.47140373,0.873870968,0.627096774,8
"Gongyi,China",0.193043522,-0.131633653,-0.685468352,1.33174205,-0.433827722,0.759032258,0.228709677,8
"Huixian,China",0.19701285,-0.372947508,-0.685468352,1.33174205,-0.433827722,0.759032258,0.228709677,8
"Xinxiang,China",0.196128533,-0.423673806,-0.685468352,1.33174205,-0.433827722,0.759032258,0.228709677,8
"PortElizabeth,SouthAfrica",-0.187299582,-0.387571153,1.08157463,-0.654660795,-0.433827722,0.921935484,0.513548387,2
"Mendoza,Argentina",-0.182719215,1.006452949,1.2888524,-1.378459068,0.211226663,0.818064516,0.297419355,-3
"Nantong,China",0.177667622,-0.563420687,,,,,,
"Pengzhou,China",0.172167267,0.647656505,-0.136182264,0.499326684,-0.483092018,0.925483871,0.544193548,8
"Khulna,Bangladesh",0.126920228,-0.550719156,0.708042817,-0.673566377,-0.435367231,0.936666667,0.370666667,6
"Malang,Indonesia",-0.044259002,0.376288822,1.617905858,-1.411994611,1.841566982,0.866774194,0.540967742,7
"Padang,Indonesia",-0.005261573,-0.453385704,1.465038504,-1.401794667,7.00046255,0.942258065,0.623870968,7
"Anyang,China",0.200542094,-0.422273519,,,,,,
"Renqiu,China",0.214908844,-0.549015367,-1.068932225,1.567883361,-0.467696925,0.678064516,0.195483871,8
"Foshan,China",0.127897106,-0.55720457,0.413103824,0.170589823,2.917683963,0.93516129,0.589677419,8
"Anshun,China",0.1458504,2.253888732,-0.320141284,0.23586953,-0.093596173,0.971935484,0.693225807,8
"Chihuahua,Mexico",0.159072198,2.358632953,0.014094119,-0.157798757,-0.483092018,0.613870968,0.180967742,-7
"CampoGrande,Brazil",-0.113720614,0.501898542,1.294034344,-1.327658473,1.699932129,0.920967742,0.421935484,-3
"Lí_dz,Poland",0.287551381,-0.145742865,-0.936792648,-0.993846395,-0.483092018,0.961935484,0.753225807,1
"Goyang,SouthKorea",0.209213111,-0.508302188,-1.017112783,0.847966,-0.483092018,0.728064516,0.29483871,9
"BeninCity,Nigeria",0.035194367,-0.387519733,,,-0.483092018,,,1
"Bucheon(Puchon),SouthKorea",0.208352299,-0.525120248,-1.017112783,0.847966,-0.483092018,0.728064516,0.29483871,9
"Gaocheng,China",0.211230928,-0.446981415,-1.017112783,1.399260751,-0.483092018,0.790967742,0.317419355,8
"Pulandian,China",0.218857494,-0.531589214,-1.198480831,1.268402876,-0.463078398,0.741935484,0.254516129,8
"Hejian,China",0.213592356,-0.539126757,-0.954929452,1.598433529,-0.452301833,0.607741936,0.223225807,8
"Dafeng,China",0.184450967,-0.560714065,,,,,,
"Krakí_w,Poland",0.278136945,-0.129248687,-0.926428759,-0.795071719,-0.342996675,0.955483871,0.647741936,1
"Enshi,China",0.168178644,0.436045536,-0.206138511,1.008279379,0.161962366,0.868709677,0.569032258,8
"Dongyang,China",0.162720267,-0.413103744,,,-0.483092018,,,8
"Lviv,Ukraine",0.276887128,0.013552286,-1.063750281,-0.832488174,0.11269807,0.976774194,0.67516129,2
"Kunshan,China",0.174364433,-0.553820133,-0.3279142,1.074006854,-0.483092018,0.887419355,0.520967742,8
"Shuangcheng,China",0.252129239,-0.22420194,-2.364418283,0.777362437,-0.461538889,0.837741936,0.452903226,8
"Salem,India",0.064801806,0.016281292,,,,,,
"Jiaozuo,China",0.19564385,-0.361795832,-0.685468352,1.33174205,-0.433827722,0.759032258,0.228709677,8
"Ad-Dammam,SaudiArabia",0.146625925,-0.555306734,0.565971179,-0.28915422,-0.483092018,0.801935484,0.27483871,3
"Huaibei,China",0.188643583,-0.501254509,-0.646603771,1.411749509,-0.361470786,0.741612903,0.349677419,8
"Liyang,China",0.174538394,-0.55396831,-0.480781555,1.236608892,0.298978691,0.954193548,0.451935484,8
"SamutPrakan,Thailand",0.075550534,-0.55950589,1.454674615,-1.075197158,0.309755257,0.930322581,0.402580645,7
"Rongcheng,China",0.206473111,-0.532172531,-0.794289181,1.163219081,-0.423051157,0.653548387,0.423548387,8
"Cenxi,China",0.127324167,-0.349407033,,,-0.483092018,,,8
"Nampho,NorthKorea",0.215290337,-0.535971303,-1.17257111,0.994297855,-0.409195573,0.8,0.386774194,8.5
"Columbus(OH),UnitedStates",0.222006531,-0.080942718,-0.877200289,-0.321445793,-0.045255582,0.780967742,0.518709677,-5
"Bareilly,India",0.157594642,-0.203983909,0.506378821,-0.453895919,-0.483092018,0.927096774,0.512903226,5.5
"Leping,China",0.160991333,-0.503915167,,,-0.483092018,,,8
"Laixi,China",0.204939356,-0.423325253,-0.861654456,1.33497622,-0.483092018,0.743548387,0.257741936,8
"Liaoyang,China",0.229262467,-0.512106666,-1.714084282,1.40448512,-0.470775944,0.638387097,0.196129032,8
"Zhaotong,China",0.151879206,3.387844151,-0.410825308,,-0.43844625,0.818064516,0.363548387,8
"JERUSALEM,Israel",0.176490661,1.0283336,0.252463553,-0.020273723,0.711567176,0.902580645,0.416451613,2
"Tainan,China",0.127776267,-0.510429493,0.710720155,-0.044459973,1.533665128,0.871666667,0.643333333,8
"Cuernavaca,Mexico",0.105134497,2.548841983,0.788794781,-0.048933024,-0.406116555,0.629677419,0.254516129,-6
"RIGA,Latvia",0.316386937,-0.534941112,-1.190707915,-1.18341615,-0.088977645,0.891935484,0.739032258,2
"Linfen,China",0.200488917,0.354467276,,,-0.483092018,,,8
"Quí©bec,Canada",0.260077102,-0.476993117,,,0.094223958,,,-5
"Lingbao,China",0.191760156,0.305171239,,,,,,
"Shangyu,China",0.166850672,-0.550935436,-0.242412121,1.012657879,-0.483092018,0.949354839,0.612258065,8
"Wuan,China",0.203869478,-0.17126924,,,,,,
"Hailun,China",0.263677617,-0.076067196,-2.584650913,1.512455318,-0.459999379,0.696129032,0.476451613,8
"Xingyi,China",0.139400222,1.993592643,-0.073998933,0.053066422,-0.350694221,0.905483871,0.547419355,8
"Wuxue,China",0.165800594,-0.527217532,,,,,,
"Cebu,Philippines",0.058932978,0.050681042,1.389900312,-0.940259398,0.231240284,0.926129032,0.592903226,8
"Aguascalientes,Mexico",0.121585137,3.274960208,0.288737163,0.164768378,-0.478473491,0.771290323,0.115483871,-6
"Tolyatti,Russia",0.297270001,-0.337505239,-1.721857199,-0.31602245,-0.483092018,0.911612903,0.76,4
"Hamilton,Canada",0.240309559,-0.362711004,-0.923837787,-0.828308647,-0.002765126,0.882258065,0.498387097,-5
"Zhoushan,China",0.166584972,-0.561812958,-0.242412121,1.012657879,-0.483092018,0.949354839,0.612258065,8
"Langfang,China",0.219655817,-0.530589661,-1.133706528,1.563803322,-0.481552509,0.690645161,0.125806452,8
"Osasco,Brazil",-0.130738262,0.975135896,1.198168375,-0.727304378,-0.483092018,0.874516129,0.534193548,-2
"Nonthaburi,Thailand",0.076995047,-0.548587681,1.454674615,-1.075197158,0.309755257,0.930322581,0.402580645,7
"Dashiqiao,China",0.225803456,-0.476324369,,,,,,
"Tongxiang,China",0.170167628,-0.552866039,-0.304595451,1.108587086,0.8316489,0.940967742,0.559354839,8
"Yichang,China",0.170510928,-0.446391405,,,,,,
"Yangzhou,China",0.17996785,-0.543072083,-0.480781555,1.236608892,0.298978691,0.954193548,0.451935484,8
"BlantyreCity,Malawi",-0.087592615,1.684690904,1.226973889,-0.702833241,-0.483092018,0.795882353,0.525882353,2
"Hamhung,NorthKorea",0.222132223,-0.498840389,-1.040431532,0.299905266,-0.447683305,0.763548387,0.308064516,8.5
"Jalandhar,India",0.174033418,-0.075106836,0.143642724,-0.345477954,-0.082819608,1,0.673870968,5.5
"Al-Rakka,Syria",0.199774503,-0.045379397,,,-0.483092018,,,2
"NIAMEY,Niger",0.075064424,-0.113376233,1.226669069,-0.736011558,-0.483092018,0.25516129,0.047419355,1
"Xiangtan,China",0.154609656,-0.427628111,-0.239821149,0.948074734,-0.483092018,0.917419355,0.660967742,8
"Winnipeg,Canada",0.2771952,-0.093195439,-1.737403031,-0.468772824,-0.155176544,0.866774194,0.625806452,-6
"Oran(Wahran),Algeria",0.198320301,-0.336818255,0.353511466,0.548037747,-0.278337285,0.981935484,0.463548387,1
"Kota,India",0.140076753,-0.035685958,0.736975339,-0.578235787,-0.480013,0.739677419,0.307419355,5.5
"Sevilla,Spain",0.20771718,-0.548898528,0.286146191,0.644663516,-0.347615202,0.963870968,0.62516129,1
"NaviMumbai(NewBombay),India",0.10573916,-0.531965902,1.159303793,-0.948071042,-0.483092018,0.77,0.234193548,5.5
"PortHarcourt,Nigeria",0.026753078,-0.55720457,1.398413506,-1.333557964,-0.483092018,0.92,0.551428571,1
"Saltillo,Mexico",0.14125958,2.659435207,0.050367728,0.238406984,-0.282955813,0.78483871,0.267741936,-5
"KhartoumNorth,Sudan",0.086983005,0.21822475,1.009474131,-0.565434841,-0.483092018,0.332413793,0.133448276,3
"Shizuoka,Japan",0.194317334,-0.517967863,-0.097835877,-0.874288065,-0.483092018,0.684,0.469,
"Yuanjiang,China",0.160261361,-0.486218762,,,,,,
"Raipur,India",0.118063247,0.040569121,1.021982271,-0.752381228,-0.43690674,0.658064516,0.21483871,5.5
"KryviyRig,Ukraine",0.26616935,-0.369661817,-1.214026664,-0.755316783,-0.483092018,0.951612903,0.761290323,2
"Yingkou,China",0.225927844,-0.5575008,,,,,,
"Wuhu,China",0.17418255,-0.551082067,-0.480781555,1.236608892,0.298978691,0.954193548,0.451935484,8
"Zhenjiang,China",0.178821383,-0.521339243,-0.480781555,1.236608892,0.298978691,0.954193548,0.451935484,8
"Querí©taro,Mexico",0.114382324,3.163204633,0.480469099,0.275574645,-0.478473491,0.874516129,0.201290323,-6
"Nankang,China",0.142563728,-0.290400516,0.021867035,0.782238525,1.404346349,0.870322581,0.617096774,8
"Wugang(Hunan),China",0.148481106,0.084494991,-0.211320455,1.018927091,0.437534526,0.893548387,0.659354839,8
"Hegang,China",0.263055089,-0.20799835,,,,,,
"Linqing,China",0.204657094,-0.490932152,,,-0.483092018,,,8
"PRETORIA,SouthAfrica",-0.143043709,2.238196591,1.128767336,0.471857986,-0.28622727,0.758571429,0.257142857,2
"Zunyi,China",0.154031411,1.202616445,,,-0.483092018,,,8
"Panzhihua,China",0.147679706,1.800173709,-0.09472671,,-0.43844625,0.753870968,0.208064516,8
"Austin(TX),UnitedStates",0.16815085,-0.262107743,0.179916334,0.021869513,-0.350232368,0.863225807,0.410967742,-6
"Changle,China",0.144238267,-0.483414462,0.190280222,0.567940048,1.224223764,0.926774194,0.633548387,8
"Lianyungang,China",0.192203628,-0.559476212,,,,,,
"Yancheng,China",0.185262867,-0.565393773,,,,,,
"Zunhua,China",0.223273344,-0.458490687,,,-0.483092018,,,8
"Changyi,China",0.204771222,-0.544920766,,,,,,
"MekníÂs,Morocco",0.188183424,0.575350078,0.319828828,0.77402878,-0.336838638,0.870322581,0.332903226,0
"Qiongshan,China",0.111128722,-0.526974724,0.711065618,-0.267460694,0.948651604,0.947741936,0.741935484,8
"Bulawayo,Zimbabwe",-0.111847259,2.140818353,1.213714208,-0.096748397,-0.483092018,0.810322581,0.343548387,2
"Wendeng,China",0.2066327,-0.475056317,,,,,,
"Okayama,Japan",0.192528587,-0.560748052,-0.395279475,-0.173173405,-0.483092018,0.871935484,0.52516129,9
"SantoAndrí©,Brazil",-0.13152346,1.041709781,1.125621156,-0.604904889,1.022548049,0.871290323,0.48516129,-2
"RABAT,Morocco",0.188731058,-0.407527852,0.397557992,0.658197118,-0.132083904,0.941290323,0.469354839,0
"Pakanbaru,Indonesia",0.002817043,-0.533676673,1.514266973,-1.525089692,3.555040801,0.980967742,0.581290323,7
"Nehe,China",0.269356106,-0.151814572,-2.460284252,0.854484007,-0.419972138,0.612903226,0.369677419,8
"Memphis(TN),UnitedStates",0.195275191,-0.405303018,-0.302004479,-0.042813119,0.404435076,0.807419355,0.463870968,-6
"JoaoPessoa,Brazil",-0.039552754,-0.479397272,1.457265587,-1.081416704,-0.483092018,0.926451613,0.574516129,-3
"KATHMANDU,Nepal",0.153984696,2.097329709,0.141051753,-0.157450476,-0.483092018,0.984193548,0.357419355,5.75
"Longkou,China",0.209145044,-0.504217419,,,,,,
"Shengzhou,China",0.164230056,-0.520343157,-0.242412121,1.012657879,-0.483092018,0.949354839,0.612258065,8
"Antalya,Turkey",0.204982727,-0.458839685,0.021867035,-0.295174793,0.840885955,0.767741936,0.328709677,2
"Kumamoto,Japan",0.182239447,-0.539232334,-0.281276702,0.083865384,-0.483092018,0.941612903,0.597096774,9
"LILONGWE,Malawi",-0.077570067,1.593032214,1.1308031,-0.3954825,-0.483092018,0.871290323,0.502903226,2
"Mexicali,Mexico",0.181247438,-0.567441074,0.353511466,-0.262485119,-0.444604287,0.758064516,0.268709677,-8
"Kaiping,China",0.124313306,-0.554590946,,,-0.483092018,,,8
"Palermo,Italy",0.211753822,-0.5332762,0.348329522,-0.018084396,-0.483092018,0.808064516,0.536129032,1
"Aligarh,India",0.154985524,-0.181204815,,,,,,
"Nottingham,UnitedKingdom",0.29419324,-0.425715234,-0.273503786,-2.236050925,-0.483092018,0.97483871,0.757096774,0
"Haining,China",0.169503661,-0.554472839,-0.304595451,1.108587086,0.8316489,0.940967742,0.559354839,8
"Mosul,Iraq",0.20198138,-0.104904877,,,,,,
"Hermosillo,Mexico",0.161516485,-0.14711499,0.635927426,-0.449716393,-0.483092018,0.785806452,0.15,-7
"Tongcheng,China",0.172421111,-0.468443506,-0.480781555,1.230787447,0.109619051,0.924516129,0.462580645,8
"Shulan,China",0.246700589,-0.088477488,,,-0.483092018,,,8
"Miluo,China",0.160035522,-0.482013527,-0.239821149,0.948074734,-0.483092018,0.917419355,0.660967742,8
"Bhubaneswar,India",0.112755882,-0.474444144,1.1308031,-0.756909035,-0.483092018,0.945483871,0.298064516,5.5
"Yangquan,China",0.210316511,0.809082616,-1.151843333,0.914837805,-0.441525268,0.629354839,0.155483871,8
"Chenzhou,China",0.1431695,-0.180906604,-0.257957953,0.909961717,1.138011245,0.934193548,0.75483871,8
"Haiyang,China",0.204313211,-0.48752434,,,,,,
"Morelia,Mexico",0.109477502,3.333761624,0.506378821,-0.169640775,-0.450762324,0.893548387,0.213225807,-6
"Huangshi(Hubei),China",0.16777795,-0.524079201,-0.41341628,1.173020924,-0.073582552,0.96,0.546774194,8
"Xinmin,China",0.233313933,-0.492548608,-1.714084282,1.40448512,-0.470775944,0.638387097,0.196129032,8
"Tí©touan,Morocco",0.197716108,-0.310080466,0.480469099,0.591623774,-0.192124766,0.837741936,0.436774194,0
"Barnaul,Russia",0.29641544,-0.172554144,-2.149367597,2.12728837,-0.459999379,0.83516129,0.531612903,6
"Qixia,China",0.178312378,-0.530034175,-0.480781555,1.236608892,0.298978691,0.954193548,0.451935484,8
"JaboataodosGuarapes,Brazil",-0.045385448,-0.541875951,1.470220448,-1.16913632,0.19583157,0.890645161,0.576451613,-3
"Chongzhou,China",0.170167344,0.534295476,-0.136182264,0.499326684,-0.483092018,0.925483871,0.544193548,8
"Cotonou,Benin",0.035390516,-0.55989019,1.501312113,-1.437270589,-0.452301833,0.964516129,0.443225807,1
"Yingcheng,China",0.171824278,-0.502736816,-0.41341628,1.173020924,-0.073582552,0.96,0.546774194,8
"Zaragoza,Spain",0.231382348,-0.132385459,-0.00922463,0.081327775,0.034183097,0.932580645,0.512580645,1
"Changzhi,China",0.201085606,1.337807642,,,,,,
"Qujing,China",0.141611111,3.269605289,-0.027361435,,-0.346075693,0.764516129,0.257741936,8
"Linghai,China",0.228741111,-0.518529749,,,,,,
"Changge,China",0.189967422,-0.387184129,-0.685468352,1.33174205,-0.433827722,0.759032258,0.228709677,8
"Trujillo,Peru",-0.045050291,-0.478339001,1.102302407,-1.276708416,-0.483092018,0.917741936,0.674516129,-5
"Tampico,Mexico",0.123517245,-0.556067906,0.768067004,-0.171432,-0.316825017,0.933870968,0.452903226,-6
"Maoming,China",0.120349994,-0.505777824,,,-0.483092018,,,8
"Morí_n,Argentina",-0.192532562,-0.511052971,1.20335032,-1.231977906,-0.483092018,0.94,0.78,
"LaPlata,Argentina",-0.194002749,-0.510047951,1.112666295,-1.057782645,0.606880546,0.899354839,0.358709677,-3
"CiudadGuayana,Venezuela",0.046479511,-0.4841745,,,,,,
"Moradabad,India",0.160214712,-0.150455037,,,-0.483092018,,,
"Jieshou,China",0.184761183,-0.489744878,-0.592193356,1.412893839,-0.256784156,0.867096774,0.490322581,8
"Sheffield,UnitedKingdom",0.296561828,-0.383321355,-0.242412121,-2.210128206,-0.483092018,0.956129032,0.74483871,0
"Donggang,China",0.221461156,-0.558664627,-1.346166242,1.140629864,-0.466157416,0.577419355,0.251290323,8
"Jingjiang,China",0.17768195,-0.562440146,,,,,,
"Acheng,China",0.253048167,-0.268326744,-2.364418283,0.777362437,-0.461538889,0.837741936,0.452903226,8
"Acapulco(deJuíçrez),Mexico",0.093628381,-0.149495864,1.426173922,-1.190531232,-0.313745998,0.909677419,0.495483871,-6
"Veracruz,Mexico",0.106520961,-0.53922821,0.939071164,-0.526041914,-0.466157416,0.929677419,0.595806452,-6
"Ulyanovsk,Russia",0.301767554,-0.258984966,-1.739994003,-0.152723695,0.177357459,0.856774194,0.715483871,3
"Wroclaw,Poland",0.283932696,-0.327564509,-0.80465307,-0.874283129,-0.233691517,0.929354839,0.632903226,1
"Jieyang,China",0.130833294,-0.559251871,0.459741322,0.227908579,1.847725019,0.918387097,0.602258065,8
"Shaoxing,China",0.166643122,-0.543126393,-0.304595451,1.108587086,0.8316489,0.940967742,0.559354839,8
"Qian_an,China",0.222217639,-0.465226386,-1.423895405,1.587586688,-0.441525268,0.549032258,0.156129032,8
"Nanchuan,China",0.161988283,0.546878803,-0.128409348,0.52276177,-0.038173839,0.906451613,0.608709677,8
"Qionglai,China",0.168945972,0.467479861,-0.136182264,0.499326684,-0.483092018,0.925483871,0.544193548,8
"Deyang,China",0.172926978,0.437713466,-0.136182264,0.499326684,-0.483092018,0.925483871,0.544193548,8
"Sagamihara,Japan",0.197619234,-0.293826815,-0.302652222,0.03281584,-0.483092018,0.82875,0.36125,9
"Fuyang(Anhui),China",0.182722911,-0.499185841,-0.592193356,1.412893839,-0.256784156,0.867096774,0.490322581,8
"Fuxin,China",0.233453439,-0.268535172,,,-0.483092018,,,8
"Jiyuan,China",0.194818017,-0.268935504,,,,,,
"PuenteAlto,Chile",-0.186770046,0.828818,1.027164216,-0.739892469,-0.483092018,0.881935484,0.340967742,-3
"Qufu,China",0.1976722,-0.435175565,-0.81760793,1.443095725,-0.421511648,0.766129032,0.311612903,8
"Gaoyao,China",0.1279204,-0.497026141,0.413103824,0.170589823,2.917683963,0.93516129,0.589677419,8
"Gorakhpur,India",0.163576758,-0.123472972,0.366466326,-0.316072116,-0.483092018,0.950322581,0.447741936,5.5
"FortWorth(TX),UnitedStates",0.181974935,-0.180853966,-0.032543379,-0.122422476,-0.213369994,0.802580645,0.420322581,-6
"Xinji,China",0.210796194,-0.48247772,-1.017112783,1.399260751,-0.483092018,0.790967742,0.317419355,8
"SanMigueldeTucumíçn,Argentina",-0.148934916,0.393982403,1.374354479,-1.443340828,5.368582722,0.913548387,0.477096774,-3
"Dujiangyan,China",0.172157972,0.877953216,-0.136182264,0.499326684,-0.483092018,0.925483871,0.544193548,8
"TheHague,Netherlands",0.289280543,-0.565611349,-0.320141284,-1.627188624,0.753133927,0.970645161,0.680322581,1
"Bhiwandi,India",0.107118082,-0.53971257,1.159303793,-0.948071042,-0.483092018,0.77,0.234193548,5.5
"CuliacíçnRosales,Mexico",0.137754197,-0.389483234,0.770657977,-0.687250828,-0.483092018,0.920322581,0.278387097,-7
"Lingyuan,China",0.229141361,0.247086454,-1.589717621,1.587686175,-0.475394472,0.469354839,0.141612903,8
"Xingyang,China",0.193263194,-0.271756978,-0.685468352,1.33174205,-0.433827722,0.759032258,0.228709677,8
"Maiduguri,Nigeria",0.065728323,0.097412204,,,,,,
"Genova,Italy",0.246698055,-0.548263364,0.014094119,-0.59535184,-0.279876794,0.708387097,0.40516129,1
"Meihekou,China",0.236329372,0.087672906,-2.001682187,1.49449355,-0.469236435,0.725806452,0.319032258,8
"Izhevsk,Russia",0.315899223,-0.235251041,-1.817723167,0.339112792,-0.190585257,0.884193548,0.674516129,3
"Jeonju(Chonchu),SouthKorea",0.198981483,-0.474718261,-0.760606544,0.812141797,-0.301429925,0.986774194,0.645806452,9
"Leling,China",0.209610594,-0.540296541,-1.004157923,1.406475319,-0.483092018,0.847741936,0.368709677,8
"Xichang,China",0.154969467,2.590293574,,,,,,
"COLOMBO,SriLanka",0.03848377,-0.544036224,1.514266973,-1.235112589,0.254332923,0.850645161,0.492580645,5.5
"Zaria,Nigeria",0.061586338,0.742920715,1.123030184,-0.75073931,-0.483092018,0.265,0.0975,1
"Anlu,China",0.173642278,-0.468594806,-0.41341628,1.173020924,-0.073582552,0.96,0.546774194,8
"SaoJosí©dosCampos,Brazil",-0.129020561,0.658494928,1.244805873,-0.74024075,-0.483092018,0.940322581,0.454193548,-2
"Charlotte(NC),UnitedStates",0.195706038,-0.091412954,-0.382324615,-0.231885285,0.408437801,0.761935484,0.351290323,-5
"Yizheng,China",0.179290322,-0.551778101,-0.480781555,1.236608892,0.298978691,0.954193548,0.451935484,8
"Malmí_,Sweden",0.308916561,-0.542487363,-0.724332934,-1.415328268,-0.215217405,0.954516129,0.686129032,1
"Weihai,China",0.208405933,-0.523266358,,,,,,
"Xinzheng,China",0.191086456,-0.334762691,-0.685468352,1.33174205,-0.433827722,0.759032258,0.228709677,8
"Dengfeng,China",0.191408367,0.177179333,-0.685468352,1.33174205,-0.433827722,0.759032258,0.228709677,8
"Vladivostok,Russia",0.239554495,-0.486125177,-1.874724554,0.367374146,-0.472315454,0.750645161,0.278064516,10
"Shaoyang,China",0.151327183,-0.113911582,-0.296822535,1.044501529,0.425218452,0.921290323,0.682580645,8
"Taizhou(Jiangsu),China",0.180308533,-0.550300264,,,,,,
"Jammu,India",0.181814453,0.060223782,0.236917721,-0.31602245,-0.483092018,0.956451613,0.570645161,5
"Lanxi,China",0.162271772,-0.487012624,,,,,,
"Yuncheng,China",0.194591178,0.189081268,,,,,,
"Kagoshima,Japan",0.175536408,-0.55351053,-0.232048232,0.006594506,-0.483092018,0.946129032,0.611612903,9
"Yaroslave,Russia",0.320144858,-0.358449772,-1.702517442,-1.456842347,-0.483092018,0.925357143,0.788928571,3
"Contagem,Brazil",-0.110645282,1.292351543,1.2888524,-0.565697363,-0.483092018,0.891612903,0.57483871,-2
"Shishou,China",0.165116322,-0.494706012,,,-0.483092018,,,8
"Panjin,China",0.228444428,-0.558071088,,,,,,
"Zamboanga,Philippines",0.038452458,-0.543872893,1.560904471,-1.07037089,-0.473854963,0.900967742,0.453548387,8
"Orumiyeh,Iran",0.208610034,2.185439612,-0.763197516,-0.45190572,0.11269807,0.876451613,0.378387097,3.5
"Binzhou,China",0.207677667,-0.549015367,-1.004157923,1.406475319,-0.483092018,0.847741936,0.368709677,8
"Kisumu,Kenya",-0.000509453,1.86440102,1.185213515,-0.379311803,0.522207536,0.94,0.413548387,3
"Baoji,China",0.190906578,0.592509467,,,-0.483092018,,,8
"Uberlí¢ndia,Brazil",-0.105081154,1.216661397,1.169667682,-0.715313208,-0.483092018,0.933225807,0.610967742,-2
"ElPaso(TX),UnitedStates",0.176454877,1.754961902,-0.118045459,-0.415981876,-0.303277335,0.695806452,0.288387097,-7
"Yunzhou,China",0.2280359,1.485153187,-1.390212768,1.987723316,-0.441525268,0.388709677,0.167419355,8
"Kí©nitra,Morocco",0.190300279,-0.541139216,0.397557992,0.658197118,-0.132083904,0.941290323,0.469354839,0
"Diyarbakir,Turkey",0.210694296,0.841408824,-0.654376687,-0.142921852,0.049578189,0.944193548,0.55483871,2
"Jurong,China",0.177472217,-0.518292549,-0.480781555,1.236608892,0.298978691,0.954193548,0.451935484,8
"Cí_cuta,Colombia",0.043828317,0.063186957,1.532403778,-1.019122373,-0.483092018,0.920322581,0.430322581,-4.5
"Zhaoyuan,China",0.207530383,-0.393805571,-0.879791261,1.422447042,-0.407656064,0.640322581,0.328064516,8
"Huizhou,China",0.128401428,-0.523370436,0.511560765,0.075755125,1.761512499,0.901935484,0.611935484,8
"Tianchang,China",0.181486506,-0.521310221,,,-0.483092018,,,8
"Dortmund,Germany",0.286186596,-0.383681654,-0.421189197,-1.410004412,-0.483092018,0.871612903,0.677096774,1
"Shihezi,China",0.246144983,0.41943371,,,-0.483092018,,,8
"Shiyan,China",0.181274433,0.027121714,,,-0.483092018,,,8
"Cuttack,India",0.113680672,-0.509169271,1.1308031,-0.756909035,-0.483092018,0.945483871,0.298064516,5.5
"Cochabamba,Bolivia",-0.096744314,4.680935214,0.905388526,0.631528016,-0.187506238,0.793225807,0.203870968,-4
"Cheongju,SouthKorea",0.203569078,-0.465542106,-0.95233848,0.76756044,-0.483092018,0.896774194,0.444193548,9
"Jingmen,China",0.172418867,-0.388589868,-0.478190583,1.274622422,-0.136702432,0.790967742,0.537741936,8
"Shangzhi,China",0.251164367,-0.182831821,-2.240051621,1.168144835,-0.299890415,0.691290323,0.424516129,8
"Anqing,China",0.169621778,-0.540236015,-0.410825308,1.227702585,0.131172181,0.864193548,0.547419355,8
"Chongjin,NorthKorea",0.232038706,-0.548693149,-1.131115556,0.231690003,-0.483092018,0.731612903,0.323870968,8.5
"Stuttgart,Germany",0.270976922,-0.056016919,-0.522237109,-0.903390197,-0.127465377,0.978387097,0.683870968,1
"Rushan,China",0.205110089,-0.512616499,,,,,,
"KINGSTON,Jamaica",0.100099302,-0.449032753,1.402855173,-0.857167076,-0.356852258,0.815483871,0.540645161,-5
"Milwaukee(WI),UnitedStates",0.239105014,-0.184121162,-1.115569723,-0.56524944,-0.213369994,0.827419355,0.619032258,-6
"Sorocaba,Brazil",-0.130564077,0.579453426,1.239623929,-0.879706472,-0.483092018,0.920322581,0.500645161,-2
"Glasgow,UnitedKingdom",0.310356872,-0.487195249,-0.377142671,-2.827498866,-0.483092018,0.96516129,0.788064516,0
"Khabarovsk,Russia",0.269459618,-0.383287288,-2.297053008,-0.309504443,-0.43690674,0.801612903,0.479032258,10
"Guanghan,China",0.172089806,0.412029989,-0.136182264,0.499326684,-0.483092018,0.925483871,0.544193548,8
"Warangal,India",0.099827227,-0.022859089,,,-0.483092018,,,
"Irkutsk,Russia",0.290483189,0.326052544,-2.530240499,2.411643156,-0.366089314,0.847419355,0.57,8
"Tyumen,Russia",0.317562764,-0.41522213,-2.196005096,1.38463264,-0.483092018,0.892580645,0.739677419,5
"LomasdeZamora,Argentina",-0.193117679,-0.545497942,1.21630518,-1.157393944,0.272807034,0.881612903,0.32516129,-3
"Beipiao,China",0.232226022,-0.114368332,-1.589717621,1.587686175,-0.475394472,0.469354839,0.141612903,8
"Funabashi,Japan",0.198303921,-0.562591086,-0.120019533,-0.808103105,-0.483092018,0.644285714,0.487142857,
"Mingguang,China",0.182094756,-0.506750316,-0.566283635,1.374780976,-0.250626119,0.836774194,0.448709677,8
"Dí_sseldorf,Germany",0.284598562,-0.493556209,-0.343460033,-1.33537063,-0.259863174,0.948064516,0.689032258,1
"Shenzhou,China",0.211119644,-0.509336838,-1.017112783,1.399260751,-0.483092018,0.790967742,0.317419355,8
"Ií_el,Turkey",0.203512073,0.548814267,0.071095505,-0.089732802,0.123474635,0.55516129,0.28483871,2
"Zhangzhou,China",0.136183472,-0.528552658,0.379421187,0.327619211,1.308896774,0.924516129,0.639677419,8
"Xianning,China",0.165785767,-0.509803238,-0.41341628,1.173020924,-0.073582552,0.96,0.546774194,8
"Maanshan,China",0.175946956,-0.528310924,-0.480781555,1.236608892,0.298978691,0.954193548,0.451935484,8
"Bandjarmasin,Indonesia",-0.018436704,-0.549984204,1.581632249,-1.414780859,3.119359677,0.913870968,0.557419355,8
"Callao,Peru",-0.066949162,-0.53534152,1.239623929,-1.107040962,-0.483092018,0.838709677,0.559032258,-5
"Poznan,Poland",0.291146522,-0.402983014,-0.861654456,-0.986134238,-0.252165628,0.934193548,0.645806452,1
"Kayseri,Turkey",0.215113828,1.595487124,-0.874609317,-0.396825958,0.064973282,0.962258065,0.518064516,2
"ChonBuri,Thailand",0.074228573,-0.55039878,1.493539197,-1.046736831,1.090286457,0.853225807,0.436774194,7
"Quetta,Pakistan",0.167683174,2.871691455,-0.110272543,,-0.021239237,0.613548387,0.205806452,5
"Shuozhou,China",0.218508861,1.658680039,-1.263255134,1.883982311,-0.472315454,0.34483871,0.107741936,8
"Samarinda,Indonesia",-0.002749018,-0.537258871,1.623087802,-1.248646191,0.674618954,0.784193548,0.479354839,8
"HELSINKI,Finland",0.334276976,-0.553207412,-1.519761373,-1.563550835,-0.483092018,0.922580645,0.770967742,2
"Akesu,China",0.2287086,1.700041411,,,-0.483092018,,,8
"Novokuznetsk,Russia",0.298664408,-0.145327132,-2.258188426,3.045333666,-0.423051157,0.719032258,0.563548387,7
"Míçlaga,Spain",0.204007076,-0.548409967,0.400148964,0.602122333,0.245095867,0.934516129,0.392903226,1
"Fengcheng(Liaoning),China",0.224734989,-0.4256859,-1.265846106,1.195013065,-0.464617907,0.570322581,0.267419355,8.5
"Hachioji,Japan",0.19814633,-0.300219069,-0.353624616,-0.385064456,-0.483092018,0.800384615,0.373846154,9
"RibeiraoPríÈto,Brazil",-0.11761395,0.512098183,1.345853786,-1.1846103,-0.483092018,0.956451613,0.566774194,-2
"Beihai,China",0.119340506,-0.524763698,0.485651044,-0.051271504,3.402629383,0.937096774,0.703870968,8
"Jamnagar,India",0.124837233,-0.524398897,,,-0.483092018,,,5.5
"NOUAKCHOTT,Mauritania",0.100408499,-0.558338521,1.317353093,-0.775567519,-0.483092018,0.457419355,0.091935484,0
"Bazhou,China",0.2173661,-0.551449045,-1.071523198,1.512654446,-0.483092018,0.74,0.308709677,8
"Yongkang,China",0.160491972,-0.371061121,,,-0.483092018,,,8
"Louisville(KY),UnitedStates",0.212514804,-0.279467126,-0.63364891,-0.132373627,-0.11961388,0.811612903,0.481612903,-5
"Chizhou,China",0.17036,-0.537481496,-0.410825308,1.227702585,0.131172181,0.864193548,0.547419355,8
"Huaiyin,China",0.186724222,-0.527680545,,,-0.483092018,,,8
"Fuan,China",0.150489161,-0.492499351,0.078868422,0.770147868,1.117997624,0.83516129,0.571935484,8
"BhilaiNagar,India",0.117743597,0.039966951,1.021982271,-0.752381228,-0.43690674,0.658064516,0.21483871,5.5
"Dezhou,China",0.207967183,-0.520140789,-1.004157923,1.406475319,-0.483092018,0.847741936,0.368709677,8
"Makhachkala,Russia",0.238703504,-0.566986582,-0.625875994,-0.326321881,-0.483092018,0.933548387,0.689677419,3
"Xingping,China",0.190551228,0.286684429,-0.835744735,1.137097234,-0.483092018,0.84483871,0.372903226,8
"Jiujiang,China",0.165028206,-0.483816856,,,,,,
"Bristol,UnitedKingdom",0.285858406,-0.541278075,,,-0.483092018,,,0
"Botou,China",0.21157465,-0.535574697,-0.954929452,1.598433529,-0.452301833,0.607741936,0.223225807,8
"Fengnan,China",0.219866839,-0.55514446,-1.071523198,1.512654446,-0.483092018,0.74,0.308709677,8
"ASTANA,Kazakhstan",0.284225126,0.151899281,-1.916180107,1.06206535,-0.092056663,0.862258065,0.511290323,6
"Yizhou,China",0.136028967,-0.258803371,0.156597585,0.38165413,-0.045871385,0.940967742,0.601612903,8
"Amravati,India",0.116319021,0.182552872,,,,,,
"Nashville-Davidson(TN),UnitedStates",0.200903688,-0.254328119,-0.470417667,-0.032861814,0.365331541,0.801612903,0.442580645,-6
"Batam,Indonesia",0.005809036,-0.376997531,1.58422322,-1.124654604,-0.483092018,0.932258065,0.665806452,7
"Orenburg,Russia",0.28759249,-0.338143396,-1.758130808,0.280749193,0.103461014,0.880967742,0.633548387,5
"Zhuozhou,China",0.219362683,-0.491678218,-1.133706528,1.563803322,-0.481552509,0.690645161,0.125806452,8
"LasVegas(NV),UnitedStates",0.200944118,0.684150664,-0.037725324,0.116405596,-0.244468081,0.66516129,0.321935484,-8
"Cancun,Mexico",0.117566156,-0.541046499,1.120439212,-0.588236758,-0.392260971,0.988387097,0.641935484,-5
"Longyan,China",0.139306239,0.105834015,,,-0.483092018,,,8
"OSLO,Norway",0.332854827,-0.556689059,-1.387621796,-1.813822823,-0.112070284,0.927419355,0.747419355,1
"Cuiabíç,Brazil",-0.086674505,-0.218001808,1.483175308,-1.57350214,1.876975695,0.921935484,0.551612903,-3
"Tiruppur,India",0.061714023,0.061087487,1.286261427,-0.68560891,-0.483092018,0.877419355,0.312580645,5.5
"VILNIUS,Lithuania",0.303817531,-0.356682579,-1.353939158,-1.190879513,-0.081280098,0.952580645,0.71,2
"Bremen,Germany",0.294884979,-0.545975552,-0.623285022,-1.445778795,-0.319904036,0.968709677,0.769354839,1
"GoldCoast-Tweed,Australia",-0.15564815,-0.564922937,1.164485738,-1.08793471,1.093365476,0.913225807,0.516129032,10
"Gaobeidian,China",0.218480667,-0.497406535,,,-0.483092018,,,8
"Mangalore,India",0.071745232,-0.508392891,1.433946838,-1.170479623,-0.483092018,0.871290323,0.308709677,5.5
"Songyuan,China",0.250787717,-0.293102781,,,-0.483092018,,,8
"Yangjiang,China",0.1214331,-0.55904205,0.467514239,0.02316315,3.852166091,0.913870968,0.688709677,8
"Wanyuan,China",0.178231283,0.776379911,-0.338278089,0.973201404,-0.398419008,0.632580645,0.358709677,8
"Jiangmen,China",0.125439539,-0.556000334,0.576335068,0.012316464,1.530586109,0.874516129,0.573548387,8
"Xingtai,China",0.205947717,-0.419470242,,,,,,
"Shaoguan,China",0.137835161,-0.451611021,0.133278836,0.596300888,2.075572391,0.91483871,0.616774194,8
"FeiradeSantana,Brazil",-0.068109596,-0.076729657,,,-0.483092018,,,-2
"Guixi,China",0.157180661,-0.432483281,,,-0.483092018,,,8
"Ruijin,China",0.143808639,-0.156793965,0.050367728,0.667899474,1.890831278,0.917419355,0.647741936,8
"Zahedan,Iran",0.163621811,2.287459515,0.104778143,-0.079582678,-0.419972138,0.676129032,0.142580645,3.5
"Jinzhong,China",0.209374211,1.093595059,-1.151843333,0.914837805,-0.441525268,0.629354839,0.155483871,8
"Portland(OR),UnitedStates",0.252905901,-0.546464774,-0.250185037,-0.714517005,2.343908857,0.923870968,0.669032258,-8
"Jintan,China",0.176240267,-0.553784281,-0.480781555,1.236608892,0.298978691,0.954193548,0.451935484,8
"Reynosa,Mexico",0.144726892,-0.484962629,0.446786462,-0.153619385,-0.256784156,0.860322581,0.423870968,-5
"Ilorin,Nigeria",0.047110437,0.034480888,1.414190676,-1.319703691,-0.483092018,0.52125,0.2125,1
"OklahomaCity(OK),UnitedStates",0.197042001,0.181959887,-0.397870448,-0.152275928,-0.44013971,0.900967742,0.45483871,-6
"NakhonRatchasima,Thailand",0.083188052,-0.178040364,1.35103573,-0.982502121,-0.313745998,0.866451613,0.422580645,7
"N_DJAMENA,Chad",0.067415809,0.040326391,1.086756575,-0.774771316,-0.483092018,0.331612903,0.052903226,1
"Shangzhou,China",0.188126128,0.874972235,,,-0.483092018,,,8
"Panshi,China",0.238590472,0.090145374,-2.131230792,1.450559088,-0.470775944,0.723548387,0.384193548,8
"Kerman,Iran",0.168244099,3.041279528,-0.118045459,0.107151008,-0.324522563,0.659354839,0.078709677,3.5
"Kaiyuan(Liaoning),China",0.236368372,-0.381854731,,,-0.483092018,,,8
"ISLAMABAD,Pakistan",0.18738549,0.603129964,0.182507306,-0.242284203,0.394428266,0.93516129,0.461935484,5
"SARAJEVO,BosniaandHerzegovina",0.243645881,0.535316502,-0.739878767,-0.476037214,-0.483092018,0.977419355,0.654516129,1
"Bikaner,India",0.155682971,-0.106194467,0.638518399,-0.596744964,-0.483092018,0.75483871,0.26516129,5.5
"DUSHANBE,Tajikistan",0.214220957,1.11005756,-0.110272543,0.216514484,0.286662617,0.921612903,0.400967742,5
"VIENTIANE,Laos",0.099865032,-0.204755364,1.143757961,-0.90413658,-0.090517154,0.911290323,0.450645161,7
"Dehradun,India",0.168424969,0.767753358,0.379421187,-0.508826375,-0.483092018,0.852580645,0.317096774,5.5
"Zhangshu,China",0.15586585,-0.496359588,-0.188001706,1.039177673,0.696172084,0.815806452,0.563225807,8
"Beining,China",0.221690061,-0.461315074,-1.133706528,1.563803322,-0.481552509,0.690645161,0.125806452,8
"ABUDHABI,UnitedArabEmirates",0.135854911,-0.557774732,0.89761561,-0.27686459,-0.480013,0.824516129,0.353225807,4
"Shimkent,Kazakhstan",0.235231582,0.548390412,-0.35123295,0.232734847,1.385872237,0.95483871,0.465806452,6
"Xingcheng,China",0.225637567,-0.550438124,,,,,,
"Imbaba,Egypt",0.167108772,-0.492617053,0.369057299,0.187805362,-0.418432629,0.770645161,0.323225807,2
"Yicheng,China",0.176221144,-0.446167669,,,,,,
"SKOPLJE,Macedonia",0.23331859,-0.058702096,-0.672513492,-0.234323252,-0.129004886,0.947741936,0.519677419,1
"Kadhimiya,Iraq",0.185447533,-0.482245409,0.117733004,0.143074852,-0.483092018,0.820645161,0.387741936,3
"At-Ta_if,SaudiArabia",0.119095961,2.510165443,0.537470486,0.163375254,-0.190585257,0.877419355,0.310322581,3
"Dali,China",0.142258256,3.541228009,,,,,,
"Fuding,China",0.151802661,-0.507506202,0.078868422,0.770147868,1.117997624,0.83516129,0.571935484,8
"Jinzhou(Hebei),China",0.211297939,-0.471781256,-1.017112783,1.399260751,-0.483092018,0.790967742,0.317419355,8
"Renhuai,China",0.154398056,1.159396832,,,-0.483092018,,,8
"Mira-Bhayandar,India",0.107195736,-0.559466456,1.159303793,-0.948071042,-0.483092018,0.77,0.234193548,5.5
"Kemerovo,Russia",0.307472351,-0.284824233,-2.211550928,2.28158133,-0.483092018,0.851935484,0.689354839,6
"Duisburg,Germany",0.285746711,-0.50171008,-0.371960726,-1.344973499,-0.132083904,0.933548387,0.69483871,1
"Copenhagen,Denmark",0.309311728,-0.475312542,-0.724332934,-1.386221045,-0.196743294,1,0.74,1
"Utrecht,Netherlands",0.28935185,-0.55720457,-0.644012799,0.464696631,-0.149018506,1,0.67,1